{"id":75921887,"items":[{"id":25547169,"status":2,"title":"Blog Template","order":1,"templateKey":"blog","pageLinks":[]},{"id":30018641,"status":2,"title":"Post Template","order":2,"templateKey":"post","pageLinks":[]},{"id":72779602,"status":2,"title":"Site","order":3,"templateKey":null,"pageLinks":[]}],"metaTags":null,"order":"65536","headHtml":null,"customCss":null,"headerHtml":"<section class=\"u-clearfix u-header u-sticky u-white u-block-c4f6-1\" custom-posts-hash=\"[]\" data-style=\"header-imglogo-menu\" data-post-id=\"4047314068\" data-section-properties=\"{&quot;grid-spacing&quot;:&quot;0&quot;,&quot;align&quot;:&quot;left&quot;,&quot;stretch&quot;:true}\" id=\"sec-e84b\" data-id=\"c4f6\" data-state=\"{&quot;min-height&quot;:{&quot;canCollapse&quot;:{&quot;XL&quot;:null,&quot;LG&quot;:null,&quot;MD&quot;:null,&quot;SM&quot;:null,&quot;XS&quot;:null}}}\">\n  <div class=\"u-clearfix u-sheet u-valign-middle-xl u-block-c4f6-2\" data-state=\"{&quot;margin-top&quot;:{&quot;shouldApplyDefaultMargins&quot;:{&quot;XL&quot;:false,&quot;LG&quot;:false,&quot;MD&quot;:false,&quot;SM&quot;:false,&quot;XS&quot;:false},&quot;parentVerticalAlign&quot;:{&quot;XL&quot;:&quot;middle&quot;,&quot;LG&quot;:&quot;&quot;,&quot;MD&quot;:&quot;&quot;,&quot;SM&quot;:&quot;&quot;,&quot;XS&quot;:&quot;&quot;}},&quot;margin-bottom&quot;:{&quot;shouldApplyDefaultMargins&quot;:{&quot;XL&quot;:false,&quot;LG&quot;:false,&quot;MD&quot;:false,&quot;SM&quot;:false,&quot;XS&quot;:false},&quot;parentVerticalAlign&quot;:{&quot;XL&quot;:&quot;middle&quot;,&quot;LG&quot;:&quot;&quot;,&quot;MD&quot;:&quot;&quot;,&quot;SM&quot;:&quot;&quot;,&quot;XS&quot;:&quot;&quot;}}}\">\n    <a href=\"#sec-ff94\" class=\"u-image u-logo u-block-c4f6-8\" data-brightness=\"\" data-state=\"{&quot;margin-top&quot;:{&quot;shouldApplyDefaultMargins&quot;:{&quot;XL&quot;:false,&quot;LG&quot;:false,&quot;MD&quot;:false,&quot;SM&quot;:false,&quot;XS&quot;:false},&quot;parentVerticalAlign&quot;:{&quot;XL&quot;:&quot;middle&quot;,&quot;LG&quot;:&quot;&quot;,&quot;MD&quot;:&quot;&quot;,&quot;SM&quot;:&quot;&quot;,&quot;XS&quot;:&quot;&quot;}},&quot;margin-bottom&quot;:{&quot;shouldApplyDefaultMargins&quot;:{&quot;XL&quot;:false,&quot;LG&quot;:false,&quot;MD&quot;:false,&quot;SM&quot;:false,&quot;XS&quot;:false},&quot;parentVerticalAlign&quot;:{&quot;XL&quot;:&quot;middle&quot;,&quot;LG&quot;:&quot;&quot;,&quot;MD&quot;:&quot;&quot;,&quot;SM&quot;:&quot;&quot;,&quot;XS&quot;:&quot;&quot;}}}\" title=\"Home\">\n      <img src=\"np://user.desktop.nicepage.com/Site_75921887/images/logo.png\" class=\"u-logo-image u-block-c4f6-10\" data-image-width=\"239\">\n    </a>\n    <nav class=\"u-menu u-menu-dropdown u-offcanvas u-block-c4f6-11\" data-state=\"{&quot;margin-top&quot;:{&quot;shouldApplyDefaultMargins&quot;:{&quot;XL&quot;:false,&quot;LG&quot;:false,&quot;MD&quot;:false,&quot;SM&quot;:false,&quot;XS&quot;:false},&quot;parentVerticalAlign&quot;:{&quot;XL&quot;:&quot;middle&quot;,&quot;LG&quot;:&quot;&quot;,&quot;MD&quot;:&quot;&quot;,&quot;SM&quot;:&quot;&quot;,&quot;XS&quot;:&quot;&quot;}},&quot;margin-bottom&quot;:{&quot;shouldApplyDefaultMargins&quot;:{&quot;XL&quot;:false,&quot;LG&quot;:false,&quot;MD&quot;:false,&quot;SM&quot;:false,&quot;XS&quot;:false},&quot;parentVerticalAlign&quot;:{&quot;XL&quot;:&quot;middle&quot;,&quot;LG&quot;:&quot;&quot;,&quot;MD&quot;:&quot;&quot;,&quot;SM&quot;:&quot;&quot;,&quot;XS&quot;:&quot;&quot;}}}\" data-responsive-from=\"SM\">\n      <div class=\"menu-collapse\" style=\"font-size: 1rem; letter-spacing: 0px; text-transform: uppercase; font-weight: 500;\">\n        <a class=\"u-button-style u-custom-active-color u-custom-hover-color u-custom-left-right-menu-spacing u-custom-padding-bottom u-custom-text-active-color u-custom-text-color u-custom-text-hover-color u-custom-top-bottom-menu-spacing u-nav-link u-text-active-palette-1-base u-text-hover-palette-2-base\" href=\"#\">\n          <svg><use xmlns:xlink=\"http://www.w3.org/1999/xlink\" xlink:href=\"#menu-hamburger\"></use></svg>\n          <svg version=\"1.1\" xmlns=\"http://www.w3.org/2000/svg\" xmlns:xlink=\"http://www.w3.org/1999/xlink\"><defs><symbol id=\"menu-hamburger\" viewBox=\"0 0 16 16\" style=\"width: 16px; height: 16px;\"><rect y=\"1\" width=\"16\" height=\"2\"></rect><rect y=\"7\" width=\"16\" height=\"2\"></rect><rect y=\"13\" width=\"16\" height=\"2\"></rect>\n</symbol>\n</defs></svg>\n        </a>\n      </div>\n      <div class=\"u-custom-menu u-nav-container\">\n        <ul class=\"u-nav u-spacing-2 u-unstyled u-block-c4f6-17\"><li class=\"u-nav-item\"><a class=\"u-active-palette-1-base u-button-style u-hover-palette-1-light-1 u-nav-link u-text-active-white u-text-grey-90 u-text-hover-white\" href=\"#sec-1549\" style=\"padding: 10px 20px;\">Serviços</a><div class=\"fake u-hidden u-nav-popup\"><ul class=\"u-h-spacing-20 u-nav u-unstyled u-v-spacing-10 u-block-c4f6-18\"><li class=\"u-nav-item\"><a class=\"u-button-style u-nav-link u-white\" href=\"#\">Menu Item1</a></li><li class=\"u-nav-item\"><a class=\"u-button-style u-nav-link u-white\" href=\"#\">Menu Item2</a></li><li class=\"u-nav-item\"><a class=\"u-button-style u-nav-link u-white\" href=\"#\">Menu Item3</a></li></ul></div></li><li class=\"u-nav-item\"><a class=\"u-active-palette-1-base u-button-style u-hover-palette-1-light-1 u-nav-link u-text-active-white u-text-grey-90 u-text-hover-white\" href=\"#sec-7981\" style=\"padding: 10px 20px;\">Sobre</a></li><li class=\"u-nav-item\"><a class=\"u-active-palette-1-base u-button-style u-hover-palette-1-light-1 u-nav-link u-text-active-white u-text-grey-90 u-text-hover-white\" href=\"#sec-f7af\" style=\"padding: 10px 20px;\">Honorários</a></li><li class=\"u-nav-item\"><a class=\"u-active-palette-1-base u-button-style u-hover-palette-1-light-1 u-nav-link u-text-active-white u-text-grey-90 u-text-hover-white\" href=\"#sec-c162\" style=\"padding: 10px 20px;\">Equipa</a></li><li class=\"u-nav-item\"><a class=\"u-active-palette-1-base u-button-style u-hover-palette-1-light-1 u-nav-link u-text-active-white u-text-grey-90 u-text-hover-white\" href=\"#sec-93aa\" style=\"padding: 10px 20px;\">Contactos</a></li></ul>\n      </div>\n      <div class=\"u-custom-menu u-nav-container-collapse\">\n        <div class=\"u-black u-container-style u-inner-container-layout u-opacity u-opacity-95 u-sidenav u-block-c4f6-14\">\n          <div class=\"u-menu-close u-block-c4f6-15\"></div>\n          <ul class=\"u-align-center u-nav u-popupmenu-items u-unstyled u-block-c4f6-16\"><li class=\"u-nav-item\"><a class=\"u-button-style u-nav-link\" href=\"#sec-1549\" style=\"padding: 10px 20px;\">Serviços</a><div class=\"fake u-hidden u-nav-popup\"><ul class=\"u-h-spacing-20 u-nav u-unstyled u-v-spacing-10 u-block-c4f6-19\"><li class=\"u-nav-item\"><a class=\"u-button-style u-nav-link\" href=\"#\">Menu Item1</a></li><li class=\"u-nav-item\"><a class=\"u-button-style u-nav-link\" href=\"#\">Menu Item2</a></li><li class=\"u-nav-item\"><a class=\"u-button-style u-nav-link\" href=\"#\">Menu Item3</a></li></ul></div></li><li class=\"u-nav-item\"><a class=\"u-button-style u-nav-link\" href=\"#sec-7981\" style=\"padding: 10px 20px;\">Sobre</a></li><li class=\"u-nav-item\"><a class=\"u-button-style u-nav-link\" href=\"#sec-f7af\" style=\"padding: 10px 20px;\">Honorários</a></li><li class=\"u-nav-item\"><a class=\"u-button-style u-nav-link\" href=\"#sec-c162\" style=\"padding: 10px 20px;\">Equipa</a></li><li class=\"u-nav-item\"><a class=\"u-button-style u-nav-link\" href=\"#sec-93aa\" style=\"padding: 10px 20px;\">Contactos</a></li></ul>\n        </div>\n        <div class=\"u-black u-menu-overlay u-opacity u-opacity-70\"></div>\n      </div>\n    </nav>\n  </div>\n  <style data-mode=\"XL\" data-visited=\"true\">@media (min-width: 1200px){ .u-block-c4f6-1 {background-image: none}\n.u-block-c4f6-2 {min-height: 80px}\n.u-block-c4f6-8 {margin-top: 22px; margin-right: auto; margin-bottom: 0px; margin-left: 0px}\n.u-block-c4f6-10 {max-width: 239px; max-height: 239px}\n.u-block-c4f6-11 {margin-top: -32px; margin-right: 0px; margin-bottom: 22px; margin-left: auto; font-size: 1rem; letter-spacing: normal}\n.u-block-c4f6-17 {font-size: 1rem; letter-spacing: 0px; text-transform: uppercase; font-weight: 500}\n.u-block-c4f6-18 {font-size: 1rem; letter-spacing: 0px}\n.u-block-c4f6-16 {font-size: 1rem; letter-spacing: 0px}\n.u-block-c4f6-19 {font-size: 1rem; letter-spacing: 0px} }</style>\n  <style data-mode=\"LG\" data-visited=\"true\">@media (max-width: 1199px) and (min-width: 992px){ .u-block-c4f6-1 {background-image: none}\n.u-block-c4f6-2 {min-height: 81px}\n.u-block-c4f6-8 {width: auto; margin-top: 22.5px; margin-right: auto; margin-bottom: 0px; margin-left: 0px}\n.u-block-c4f6-10 {max-width: 133.647px; max-height: 133.647px}\n.u-block-c4f6-11 {width: auto; font-size: 1rem; letter-spacing: normal; margin-top: -44px; margin-right: 0px; margin-bottom: 30.5px; margin-left: auto}\n.u-block-c4f6-17 {font-size: 1rem; letter-spacing: 0px; text-transform: uppercase; font-weight: 500}\n.u-block-c4f6-18 {font-size: 1rem; letter-spacing: 0px}\n.u-block-c4f6-16 {font-size: 1rem; letter-spacing: 0px}\n.u-block-c4f6-19 {font-size: 1rem; letter-spacing: 0px} }</style>\n  <style data-mode=\"MD\" data-visited=\"true\">@media (max-width: 991px) and (min-width: 768px){ .u-block-c4f6-1 {background-image: none}\n.u-block-c4f6-2 {min-height: 81px}\n.u-block-c4f6-8 {margin-top: 22.5px; margin-right: auto; margin-bottom: 0px; margin-left: 0px; width: auto; height: 32px}\n.u-block-c4f6-10 {max-width: 133.647px; max-height: 133.647px}\n.u-block-c4f6-11 {width: auto; font-size: 1rem; letter-spacing: normal; margin-top: -36px; margin-right: 0px; margin-bottom: 22.5px; margin-left: auto}\n.u-block-c4f6-17 {font-size: 1rem; letter-spacing: 0px; text-transform: uppercase; font-weight: 500}\n.u-block-c4f6-18 {font-size: 1rem; letter-spacing: 0px}\n.u-block-c4f6-16 {font-size: 1rem; letter-spacing: 0px}\n.u-block-c4f6-19 {font-size: 1rem; letter-spacing: 0px} }</style>\n  <style data-mode=\"SM\" data-visited=\"true\">@media (max-width: 767px) and (min-width: 576px){ .u-block-c4f6-1 {background-image: none}\n.u-block-c4f6-2 {min-height: 81px}\n.u-block-c4f6-8 {width: auto; margin-top: 22.5px; margin-right: auto; margin-bottom: 0px; margin-left: 0px; height: 32px}\n.u-block-c4f6-10 {max-width: 133.647px; max-height: 133.647px}\n.u-block-c4f6-11 {width: auto; font-size: 1rem; letter-spacing: normal; margin-top: -34px; margin-right: 0px; margin-bottom: 24.5px; margin-left: auto}\n.u-block-c4f6-17 {font-size: 1rem; letter-spacing: 0px; text-transform: uppercase; font-weight: 500}\n.u-block-c4f6-18 {font-size: 1rem; letter-spacing: 0px}\n.u-block-c4f6-16 {font-size: 1rem; letter-spacing: 0px}\n.u-block-c4f6-19 {font-size: 1rem; letter-spacing: 0px} }</style>\n  <style data-mode=\"XS\" data-visited=\"true\">@media (max-width: 575px){ .u-block-c4f6-1 {background-image: none}\n.u-block-c4f6-2 {min-height: 81px}\n.u-block-c4f6-8 {width: auto; margin-top: 22.5px; margin-right: auto; margin-bottom: 0px; margin-left: 0px; height: 32px}\n.u-block-c4f6-10 {max-width: 133.647px; max-height: 133.647px}\n.u-block-c4f6-11 {width: auto; font-size: 1rem; letter-spacing: normal; margin-top: -34px; margin-right: 0px; margin-bottom: 24.5px; margin-left: auto}\n.u-block-c4f6-17 {font-size: 1rem; letter-spacing: 0px; text-transform: uppercase; font-weight: 500}\n.u-block-c4f6-18 {font-size: 1rem; letter-spacing: 0px}\n.u-block-c4f6-16 {font-size: 1rem; letter-spacing: 0px}\n.u-block-c4f6-19 {font-size: 1rem; letter-spacing: 0px} }</style>\n</section>","footerHtml":"<section class=\"u-clearfix u-footer u-palette-1-base u-block-3a3c-1\" custom-posts-hash=\"T\" data-style=\"footer-logo-social-icons-separator-text\" data-post-id=\"4255072288\" data-section-properties=\"{&quot;grid-spacing&quot;:&quot;30&quot;,&quot;spacingAdditional&quot;:&quot;none&quot;,&quot;align&quot;:&quot;center&quot;,&quot;stretch&quot;:true}\" id=\"sec-eaca\" data-id=\"3a3c\" data-state=\"{&quot;min-height&quot;:{&quot;canCollapse&quot;:{&quot;XL&quot;:null,&quot;LG&quot;:null,&quot;MD&quot;:null,&quot;SM&quot;:null,&quot;XS&quot;:null}}}\">\n  <div class=\"u-clearfix u-sheet u-block-3a3c-2\" data-state=\"{&quot;margin-top&quot;:{&quot;shouldApplyDefaultMargins&quot;:{&quot;XL&quot;:false,&quot;LG&quot;:false,&quot;MD&quot;:false,&quot;SM&quot;:false,&quot;XS&quot;:false},&quot;parentVerticalAlign&quot;:{&quot;XL&quot;:&quot;&quot;,&quot;LG&quot;:&quot;&quot;,&quot;MD&quot;:&quot;&quot;,&quot;SM&quot;:&quot;&quot;,&quot;XS&quot;:&quot;&quot;}},&quot;margin-bottom&quot;:{&quot;shouldApplyDefaultMargins&quot;:{&quot;XL&quot;:false,&quot;LG&quot;:false,&quot;MD&quot;:false,&quot;SM&quot;:false,&quot;XS&quot;:false},&quot;parentVerticalAlign&quot;:{&quot;XL&quot;:&quot;&quot;,&quot;LG&quot;:&quot;&quot;,&quot;MD&quot;:&quot;&quot;,&quot;SM&quot;:&quot;&quot;,&quot;XS&quot;:&quot;&quot;}}}\">\n    \n    \n    \n    \n  <h3 class=\"u-align-center-xl u-align-left-xs u-headline u-text u-block-3a3c-3\" data-state=\"{&quot;margin-top&quot;:{&quot;shouldApplyDefaultMargins&quot;:{&quot;XL&quot;:false,&quot;LG&quot;:false,&quot;MD&quot;:false,&quot;SM&quot;:false,&quot;XS&quot;:false},&quot;parentVerticalAlign&quot;:{&quot;XL&quot;:&quot;&quot;,&quot;LG&quot;:&quot;&quot;,&quot;MD&quot;:&quot;&quot;,&quot;SM&quot;:&quot;&quot;,&quot;XS&quot;:&quot;&quot;}},&quot;margin-bottom&quot;:{&quot;shouldApplyDefaultMargins&quot;:{&quot;XL&quot;:false,&quot;LG&quot;:false,&quot;MD&quot;:false,&quot;SM&quot;:false,&quot;XS&quot;:false},&quot;parentVerticalAlign&quot;:{&quot;XL&quot;:&quot;&quot;,&quot;LG&quot;:&quot;&quot;,&quot;MD&quot;:&quot;&quot;,&quot;SM&quot;:&quot;&quot;,&quot;XS&quot;:&quot;&quot;}}}\"><a href=\"/\">Contimóvel</a></h3><div class=\"u-align-left u-social-icons u-spacing-10 u-block-3a3c-4\" data-state=\"{&quot;margin-top&quot;:{&quot;shouldApplyDefaultMargins&quot;:{&quot;XL&quot;:false,&quot;LG&quot;:false,&quot;MD&quot;:false,&quot;SM&quot;:false,&quot;XS&quot;:false},&quot;parentVerticalAlign&quot;:{&quot;XL&quot;:&quot;&quot;,&quot;LG&quot;:&quot;&quot;,&quot;MD&quot;:&quot;&quot;,&quot;SM&quot;:&quot;&quot;,&quot;XS&quot;:&quot;&quot;}},&quot;margin-bottom&quot;:{&quot;shouldApplyDefaultMargins&quot;:{&quot;XL&quot;:false,&quot;LG&quot;:false,&quot;MD&quot;:false,&quot;SM&quot;:false,&quot;XS&quot;:false},&quot;parentVerticalAlign&quot;:{&quot;XL&quot;:&quot;&quot;,&quot;LG&quot;:&quot;&quot;,&quot;MD&quot;:&quot;&quot;,&quot;SM&quot;:&quot;&quot;,&quot;XS&quot;:&quot;&quot;}}}\"><a class=\"u-social-url\" target=\"_blank\" href=\"\"><span class=\"u-icon u-icon-circle u-social-facebook u-social-type-logo u-block-3a3c-5\"><svg class=\"u-svg-link\" preserveAspectRatio=\"xMidYMin slice\" viewBox=\"0 0 112.2 112.2\"><use xmlns:xlink=\"http://www.w3.org/1999/xlink\" xlink:href=\"#svg-d81c\"></use></svg><svg x=\"0px\" y=\"0px\" viewBox=\"0 0 112.2 112.2\" enable-background=\"new 0 0 112.2 112.2\" xml:space=\"preserve\" id=\"svg-d81c\" class=\"u-svg-content\">\n        <path d=\"M75.5,28.8H65.4c-1.5,0-4,0.9-4,4.3v9.4h13.9l-1.5,15.8H61.4v45.1H42.8V58.3h-8.8V42.4h8.8V32.2 c0-7.4,3.4-18.8,18.8-18.8h13.8v15.4H75.5z\"></path>\n    </svg></span></a><a class=\"u-social-url\" target=\"_blank\" href=\"\"><span class=\"u-icon u-icon-circle u-social-twitter u-social-type-logo u-block-3a3c-6\"><svg class=\"u-svg-link\" preserveAspectRatio=\"xMidYMin slice\" viewBox=\"0 0 112.2 112.2\"><use xmlns:xlink=\"http://www.w3.org/1999/xlink\" xlink:href=\"#svg-1cb1\"></use></svg><svg x=\"0px\" y=\"0px\" viewBox=\"0 0 112.2 112.2\" enable-background=\"new 0 0 112.2 112.2\" xml:space=\"preserve\" id=\"svg-1cb1\" class=\"u-svg-content\">\n        <path d=\"M92.2,38.2c0,0.8,0,1.6,0,2.3c0,24.3-18.6,52.4-52.6,52.4c-10.6,0.1-20.2-2.9-28.5-8.2 c1.4,0.2,2.9,0.2,4.4,0.2c8.7,0,16.7-2.9,23-7.9c-8.1-0.2-14.9-5.5-17.3-12.8c1.1,0.2,2.4,0.2,3.4,0.2c1.6,0,3.3-0.2,4.8-0.7 c-8.4-1.6-14.9-9.2-14.9-18c0-0.2,0-0.2,0-0.2c2.5,1.4,5.4,2.2,8.4,2.3c-5-3.3-8.3-8.9-8.3-15.4c0-3.4,1-6.5,2.5-9.2 c9.1,11.1,22.7,18.5,38,19.2c-0.2-1.4-0.4-2.8-0.4-4.3c0.1-10,8.3-18.2,18.5-18.2c5.4,0,10.1,2.2,13.5,5.7c4.3-0.8,8.1-2.3,11.7-4.5 c-1.4,4.3-4.3,7.9-8.1,10.1c3.7-0.4,7.3-1.4,10.6-2.9C98.9,32.3,95.7,35.5,92.2,38.2z\"></path>\n    </svg></span></a><a class=\"u-social-url\" target=\"_blank\" href=\"\"><span class=\"u-icon u-icon-circle u-social-instagram u-social-type-logo u-block-3a3c-7\"><svg class=\"u-svg-link\" preserveAspectRatio=\"xMidYMin slice\" viewBox=\"0 0 112.2 112.2\"><use xmlns:xlink=\"http://www.w3.org/1999/xlink\" xlink:href=\"#svg-7449\"></use></svg><svg x=\"0px\" y=\"0px\" viewBox=\"0 0 112.2 112.2\" enable-background=\"new 0 0 112.2 112.2\" xml:space=\"preserve\" id=\"svg-7449\" class=\"u-svg-content\">\n        <path d=\"M55.9,32.9c-12.8,0-23.2,10.4-23.2,23.2s10.4,23.2,23.2,23.2s23.2-10.4,23.2-23.2S68.7,32.9,55.9,32.9z M55.9,69.4c-7.4,0-13.3-6-13.3-13.3c-0.1-7.4,6-13.3,13.3-13.3s13.3,6,13.3,13.3C69.3,63.5,63.3,69.4,55.9,69.4z\"></path>\n        <path d=\"M79.7,26.8c-3,0-5.4,2.5-5.4,5.4s2.5,5.4,5.4,5.4c3,0,5.4-2.5,5.4-5.4S82.7,26.8,79.7,26.8z\"></path>\n        <path d=\"M78.2,11H33.5C21,11,10.8,21.3,10.8,33.7v44.7c0,12.6,10.2,22.8,22.7,22.8h44.7c12.6,0,22.7-10.2,22.7-22.7 V33.7C100.8,21.1,90.6,11,78.2,11z M91,78.4c0,7.1-5.8,12.8-12.8,12.8H33.5c-7.1,0-12.8-5.8-12.8-12.8V33.7 c0-7.1,5.8-12.8,12.8-12.8h44.7c7.1,0,12.8,5.8,12.8,12.8V78.4z\"></path>\n    </svg></span></a><a class=\"u-social-url\" target=\"_blank\" href=\"\"><span class=\"u-icon u-icon-circle u-social-linkedin u-social-type-logo u-block-3a3c-8\"><svg class=\"u-svg-link\" preserveAspectRatio=\"xMidYMin slice\" viewBox=\"0 0 112.2 112.2\"><use xmlns:xlink=\"http://www.w3.org/1999/xlink\" xlink:href=\"#svg-9715\"></use></svg><svg x=\"0px\" y=\"0px\" viewBox=\"0 0 112.2 112.2\" enable-background=\"new 0 0 112.2 112.2\" xml:space=\"preserve\" id=\"svg-9715\" class=\"u-svg-content\">\n        <path d=\"M33.8,96.8H14.5v-58h19.3V96.8z M24.1,30.9L24.1,30.9c-6.6,0-10.8-4.5-10.8-10.1c0-5.8,4.3-10.1,10.9-10.1 S34.9,15,35.1,20.8C35.1,26.4,30.8,30.9,24.1,30.9z M103.3,96.8H84.1v-31c0-7.8-2.7-13.1-9.8-13.1c-5.3,0-8.5,3.6-9.9,7.1 c-0.6,1.3-0.6,3-0.6,4.8V97H44.5c0,0,0.3-52.6,0-58h19.3v8.2c2.6-3.9,7.2-9.6,17.4-9.6c12.7,0,22.2,8.4,22.2,26.1V96.8z\"></path>\n    </svg></span></a></div><div class=\"u-border-1 u-border-white u-expanded-width u-line u-line-horizontal u-opacity u-opacity-25 u-block-3a3c-9\" data-state=\"{&quot;margin-top&quot;:{&quot;shouldApplyDefaultMargins&quot;:{&quot;XL&quot;:false,&quot;LG&quot;:false,&quot;MD&quot;:false,&quot;SM&quot;:false,&quot;XS&quot;:false},&quot;parentVerticalAlign&quot;:{&quot;XL&quot;:&quot;&quot;,&quot;LG&quot;:&quot;&quot;,&quot;MD&quot;:&quot;&quot;,&quot;SM&quot;:&quot;&quot;,&quot;XS&quot;:&quot;&quot;}},&quot;margin-bottom&quot;:{&quot;shouldApplyDefaultMargins&quot;:{&quot;XL&quot;:false,&quot;LG&quot;:false,&quot;MD&quot;:false,&quot;SM&quot;:false,&quot;XS&quot;:false},&quot;parentVerticalAlign&quot;:{&quot;XL&quot;:&quot;&quot;,&quot;LG&quot;:&quot;&quot;,&quot;MD&quot;:&quot;&quot;,&quot;SM&quot;:&quot;&quot;,&quot;XS&quot;:&quot;&quot;}}}\"></div><p class=\"u-align-center u-text u-block-3a3c-10\" data-state=\"{&quot;margin-top&quot;:{&quot;shouldApplyDefaultMargins&quot;:{&quot;XL&quot;:false,&quot;LG&quot;:false,&quot;MD&quot;:false,&quot;SM&quot;:false,&quot;XS&quot;:false},&quot;parentVerticalAlign&quot;:{&quot;XL&quot;:&quot;&quot;,&quot;LG&quot;:&quot;&quot;,&quot;MD&quot;:&quot;&quot;,&quot;SM&quot;:&quot;&quot;,&quot;XS&quot;:&quot;&quot;}},&quot;margin-bottom&quot;:{&quot;shouldApplyDefaultMargins&quot;:{&quot;XL&quot;:false,&quot;LG&quot;:false,&quot;MD&quot;:false,&quot;SM&quot;:false,&quot;XS&quot;:false},&quot;parentVerticalAlign&quot;:{&quot;XL&quot;:&quot;&quot;,&quot;LG&quot;:&quot;&quot;,&quot;MD&quot;:&quot;&quot;,&quot;SM&quot;:&quot;&quot;,&quot;XS&quot;:&quot;&quot;}}}\">Imobiliária e Gestão de Empresas, lda.</p></div>\n  <style data-mode=\"XL\" data-visited=\"true\">@media (min-width: 1200px){ .u-block-3a3c-2 {min-height: 268px}\n.u-block-3a3c-3 {width: 530px; margin-top: 30px; margin-left: auto; margin-right: auto; margin-bottom: 0px}\n.u-block-3a3c-4 {height: 23px; min-height: 16px; width: 122px; min-width: 94px; white-space: nowrap; margin-top: 53px; margin-right: auto; margin-bottom: 0px; margin-left: 509px}\n.u-block-3a3c-5 {height: 100%}\n.u-block-3a3c-6 {height: 100%}\n.u-block-3a3c-7 {height: 100%}\n.u-block-3a3c-8 {height: 100%}\n.u-block-3a3c-9 {transform-origin: left center 0px; width: 1140px; margin-top: 30px; margin-right: auto; margin-bottom: 0px; margin-left: 0px}\n.u-block-3a3c-10 {width: 530px; font-style: italic; margin-top: 30px; margin-left: auto; margin-right: auto; margin-bottom: 23px} }</style>\n  <style data-mode=\"LG\" data-visited=\"true\">@media (max-width: 1199px) and (min-width: 992px){ .u-block-3a3c-2 {min-height: 270px}\n.u-block-3a3c-3 {width: 437.0176px; margin-top: 30px; margin-left: auto; margin-right: auto; margin-bottom: 0px}\n.u-block-3a3c-4 {height: 23px; min-height: 16px; width: 122px; min-width: 94px; white-space: nowrap; margin-top: 53px; margin-right: auto; margin-bottom: 0px; margin-left: 419.7018px}\n.u-block-3a3c-5 {height: 100%}\n.u-block-3a3c-6 {height: 100%}\n.u-block-3a3c-7 {height: 100%}\n.u-block-3a3c-8 {height: 100%}\n.u-block-3a3c-9 {transform-origin: left center 0px; margin-top: 30px; margin-bottom: 0px}\n.u-block-3a3c-10 {width: 437.0176px; margin-top: 30px; margin-left: auto; margin-right: auto; margin-bottom: 23px; font-style: italic} }</style>\n  <style data-mode=\"MD\" data-visited=\"true\">@media (max-width: 991px) and (min-width: 768px){ .u-block-3a3c-2 {min-height: 270px}\n.u-block-3a3c-3 {width: 334.7369px; margin-top: 30px; margin-left: auto; margin-right: auto; margin-bottom: 0px}\n.u-block-3a3c-4 {height: 23px; min-height: 16px; width: 122px; min-width: 94px; white-space: nowrap; margin-top: 53px; margin-left: 321.4738px; margin-right: auto; margin-bottom: 0px}\n.u-block-3a3c-5 {height: 100%}\n.u-block-3a3c-6 {height: 100%}\n.u-block-3a3c-7 {height: 100%}\n.u-block-3a3c-8 {height: 100%}\n.u-block-3a3c-9 {transform-origin: left center 0px; margin-top: 30px; margin-bottom: 0px}\n.u-block-3a3c-10 {width: 334.7369px; margin-top: 30px; margin-left: auto; margin-right: auto; margin-bottom: 23px; font-style: italic} }</style>\n  <style data-mode=\"SM\" data-visited=\"true\">@media (max-width: 767px) and (min-width: 576px){ .u-block-3a3c-2 {min-height: 270px}\n.u-block-3a3c-3 {width: 313.8159px; margin-top: 30px; margin-left: auto; margin-right: auto; margin-bottom: 0px}\n.u-block-3a3c-4 {height: 23px; min-height: 16px; width: 122px; min-width: 94px; white-space: nowrap; margin-top: 53px; margin-left: 241.1054px; margin-right: auto; margin-bottom: 0px}\n.u-block-3a3c-5 {height: 100%}\n.u-block-3a3c-6 {height: 100%}\n.u-block-3a3c-7 {height: 100%}\n.u-block-3a3c-8 {height: 100%}\n.u-block-3a3c-9 {transform-origin: left center 0px; margin-top: 30px; margin-bottom: 0px}\n.u-block-3a3c-10 {width: 313.8159px; margin-top: 30px; margin-left: auto; margin-right: auto; margin-bottom: 23px; font-style: italic} }</style>\n  <style data-mode=\"XS\" data-visited=\"true\">@media (max-width: 575px){ .u-block-3a3c-2 {min-height: 270px}\n.u-block-3a3c-3 {width: 263.4503px; margin-top: 30px; margin-left: auto; margin-right: auto; margin-bottom: 0px}\n.u-block-3a3c-4 {height: 23px; min-height: 16px; width: 122px; min-width: 94px; white-space: nowrap; margin-top: 53px; margin-left: 151.8072px; margin-right: auto; margin-bottom: 0px}\n.u-block-3a3c-5 {height: 100%}\n.u-block-3a3c-6 {height: 100%}\n.u-block-3a3c-7 {height: 100%}\n.u-block-3a3c-8 {height: 100%}\n.u-block-3a3c-9 {transform-origin: left center 0px; margin-top: 30px; margin-bottom: 0px}\n.u-block-3a3c-10 {width: 263.4503px; margin-top: 30px; margin-left: auto; margin-right: auto; margin-bottom: 23px; font-style: italic} }</style>\n</section>","hideBacklink":null,"homePageId":null,"dateUpdated":1598102043272,"settings":"{\"colorScheme\":{\"bodyColors\":[\"#35393f\",\"#fdfdfd\"],\"bgColor\":\"#fdfdfd\",\"colors\":[\"#0e3e7f\",\"#2a405e\",\"#295785\",\"#5f738d\",\"#0e3e7f\"],\"shadingContrast\":\"body-alt-color\",\"whiteContrast\":\"body-color\",\"bgContrast\":\"body-color\",\"name\":\"u13\"},\"fontScheme\":{\"name\":\"Oswald-OpenSans\",\"isDefault\":true,\"fonts\":{\"heading\":\"Oswald, sans-serif\",\"text\":\"Open Sans, sans-serif\",\"accent\":\"Arial, sans-serif\",\"headingTitle\":\"Oswald\",\"textTitle\":\"Open Sans\"}},\"typography\":{\"name\":\"custom-page-typography-23\",\"title\":{\"font-weight\":\"400\",\"font-size\":4.5,\"line-height\":\"1_1\",\"margin-top\":20,\"margin-bottom\":20,\"text-color\":\"palette-2-base\"},\"subtitle\":{\"font-weight\":\"400\",\"font-size\":2.25,\"line-height\":\"1_1\",\"margin-top\":20,\"margin-bottom\":20},\"h1\":{\"font-weight\":\"400\",\"font-size\":3,\"line-height\":\"1_1\",\"margin-top\":20,\"margin-bottom\":20,\"text-color\":\"palette-2-base\"},\"h2\":{\"font-weight\":\"400\",\"font-size\":2.25,\"line-height\":\"1_1\",\"margin-top\":20,\"margin-bottom\":20,\"text-color\":\"palette-2-base\"},\"h3\":{\"font-weight\":\"400\",\"font-size\":1.875,\"line-height\":\"1_2\",\"margin-top\":20,\"margin-bottom\":20},\"h4\":{\"font-weight\":\"400\",\"font-size\":1.5,\"line-height\":\"1_2\",\"margin-top\":20,\"margin-bottom\":20},\"h5\":{\"font-weight\":\"400\",\"font-size\":1.25,\"line-height\":\"1_2\",\"margin-top\":20,\"margin-bottom\":20},\"h6\":{\"font-weight\":\"400\",\"font-size\":1.125,\"line-height\":\"1_2\",\"margin-top\":20,\"margin-bottom\":20},\"largeText\":{\"font-size\":1.25,\"margin-top\":20,\"margin-bottom\":20},\"smallText\":{\"font-size\":0.875,\"margin-top\":20,\"margin-bottom\":20,\"text-color\":\"palette-4-base\"},\"text\":{\"margin-top\":20,\"margin-bottom\":20,\"text-color\":\"palette-4-base\"},\"link\":{},\"button\":{\"color\":\"palette-1-base\",\"margin-top\":20,\"margin-bottom\":20,\"text-transform\":\"uppercase\",\"text-color\":\"palette-1-light-3\",\"letter-spacing\":2,\"font-size\":0.875,\"font\":\"heading-font\"},\"blockquote\":{\"font-style\":\"italic\",\"indent\":20,\"border\":4,\"border-color\":\"palette-1-base\",\"margin-top\":20,\"margin-bottom\":20,\"text-color\":\"palette-4-base\"},\"metadata\":{\"margin-top\":20,\"margin-bottom\":20},\"list\":{\"margin-top\":20,\"margin-bottom\":20},\"orderedlist\":{\"margin-top\":20,\"margin-bottom\":20},\"postContent\":{\"margin-top\":20,\"margin-bottom\":20},\"theme\":{\"gradient\":\"\",\"image\":\"\"},\"htmlBaseSize\":16,\"hyperlink\":{\"text-color\":\"palette-1-base\"}},\"backToTop\":\"<span style=\\\"height: 64px; width: 64px; margin-left: 0px; margin-right: auto; margin-top: 0px; background-image: none; right: 20px; bottom: 20px\\\" class=\\\"u-back-to-top u-icon u-icon-circle u-opacity u-opacity-85 u-palette-1-base u-spacing-15\\\" data-href=\\\"#\\\">\\n        <svg class=\\\"u-svg-link\\\" preserveAspectRatio=\\\"xMidYMin slice\\\" viewBox=\\\"0 0 551.13 551.13\\\">\\n            <use xmlns:xlink=\\\"http://www.w3.org/1999/xlink\\\" xlink:href=\\\"#svg-1d98\\\"></use>\\n        </svg>\\n        <svg class=\\\"u-svg-content\\\" enable-background=\\\"new 0 0 551.13 551.13\\\" viewBox=\\\"0 0 551.13 551.13\\\" xmlns=\\\"http://www.w3.org/2000/svg\\\" id=\\\"svg-1d98\\\">\\n            <path d=\\\"m275.565 189.451 223.897 223.897h51.668l-275.565-275.565-275.565 275.565h51.668z\\\"></path>\\n        </svg>\\n    </span>\",\"id\":75921887,\"cookiesSection\":\"<section class=\\\"u-align-center u-block-1796-1 u-clearfix u-cookies-consent u-grey-80\\\" custom-posts-hash=\\\"T\\\" style=\\\"background-image: none\\\" data-post-id=\\\"1\\\" data-section-properties=\\\"{&quot;stretch&quot;:true}\\\" data-id=\\\"1796\\\" data-posts-content=\\\"[{'images':[],'maps':[],'videos':[],'icons':[],'textWidth':874,'textHeight':152,'id':1,'headingProp':'h3','textProp':'text'}]\\\" data-style=\\\"cookie-1\\\" id=\\\"sec-e4c7\\\" data-source=\\\"\\\">\\n  <div class=\\\"u-block-1796-2 u-clearfix u-sheet u-valign-middle\\\" style=\\\"min-height: 212px\\\" data-state=\\\"{&quot;margin-top&quot;:{&quot;shouldApplyDefaultMargins&quot;:{&quot;XL&quot;:false,&quot;LG&quot;:false,&quot;MD&quot;:false,&quot;SM&quot;:false,&quot;XS&quot;:false},&quot;parentVerticalAlign&quot;:{&quot;XL&quot;:&quot;middle&quot;,&quot;LG&quot;:&quot;middle&quot;,&quot;MD&quot;:&quot;middle&quot;,&quot;SM&quot;:&quot;middle&quot;,&quot;XS&quot;:&quot;middle&quot;}},&quot;margin-bottom&quot;:{&quot;shouldApplyDefaultMargins&quot;:{&quot;XL&quot;:false,&quot;LG&quot;:false,&quot;MD&quot;:false,&quot;SM&quot;:false,&quot;XS&quot;:false},&quot;parentVerticalAlign&quot;:{&quot;XL&quot;:&quot;middle&quot;,&quot;LG&quot;:&quot;middle&quot;,&quot;MD&quot;:&quot;middle&quot;,&quot;SM&quot;:&quot;middle&quot;,&quot;XS&quot;:&quot;middle&quot;}}}\\\" data-height-lg=\\\"158\\\" data-height-md=\\\"131\\\" data-height-sm=\\\"106\\\" data-height-xs=\\\"225\\\">\\n    <div class=\\\"u-block-1796-7 u-clearfix u-expanded-width u-layout-wrap\\\" style=\\\"margin-top: 30px; margin-bottom: 30px\\\" data-state=\\\"{&quot;margin-top&quot;:{&quot;shouldApplyDefaultMargins&quot;:{&quot;XL&quot;:false,&quot;LG&quot;:false,&quot;MD&quot;:false,&quot;SM&quot;:true,&quot;XS&quot;:true},&quot;parentVerticalAlign&quot;:{&quot;XL&quot;:&quot;middle&quot;,&quot;LG&quot;:&quot;middle&quot;,&quot;MD&quot;:&quot;middle&quot;,&quot;SM&quot;:&quot;middle&quot;,&quot;XS&quot;:&quot;middle&quot;}},&quot;margin-bottom&quot;:{&quot;shouldApplyDefaultMargins&quot;:{&quot;XL&quot;:false,&quot;LG&quot;:false,&quot;MD&quot;:false,&quot;SM&quot;:true,&quot;XS&quot;:true},&quot;parentVerticalAlign&quot;:{&quot;XL&quot;:&quot;middle&quot;,&quot;LG&quot;:&quot;middle&quot;,&quot;MD&quot;:&quot;middle&quot;,&quot;SM&quot;:&quot;middle&quot;,&quot;XS&quot;:&quot;middle&quot;}}}\\\">\\n      <div class=\\\"u-gutter-0 u-layout\\\">\\n        <div class=\\\"u-layout-row\\\">\\n          <div class=\\\"u-block-1796-8 u-container-style u-layout-cell u-left-cell u-size-43-md u-size-43-sm u-size-43-xs u-size-46-lg u-size-46-xl\\\" style=\\\"min-height: 152px\\\" data-state=\\\"{&quot;min-height&quot;:{&quot;expandedParent&quot;:{&quot;XL&quot;:true,&quot;LG&quot;:true,&quot;MD&quot;:true,&quot;SM&quot;:true,&quot;XS&quot;:true},&quot;cellMultiplier&quot;:{&quot;XL&quot;:1,&quot;LG&quot;:1,&quot;MD&quot;:0.9347826086956521,&quot;SM&quot;:1.3953488372093024,&quot;XS&quot;:1},&quot;canCollapse&quot;:{&quot;XL&quot;:false,&quot;LG&quot;:false,&quot;MD&quot;:true,&quot;SM&quot;:true,&quot;XS&quot;:true}}}\\\">\\n            <div class=\\\"u-block-1796-9 u-container-layout u-valign-middle\\\" style=\\\"padding-top: 30px; padding-bottom: 30px; padding-left: 60px; padding-right: 60px\\\" data-state=\\\"{&quot;min-height&quot;:{&quot;canCollapse&quot;:{&quot;XL&quot;:false,&quot;LG&quot;:false,&quot;MD&quot;:false,&quot;SM&quot;:false,&quot;XS&quot;:false}}}\\\">\\n              <h3 class=\\\"u-block-1796-6 u-text u-text-default\\\" style=\\\"margin-top: 0px; margin-right: 20px; margin-bottom: 0px;\\\">Cookies &amp; Privacy</h3>\\n              <p class=\\\"u-block-1796-5 u-text u-text-default\\\" style=\\\"margin: 8px 20px 0px 0px;\\\">This website uses cookies to ensure you get the best experience on our website.</p>\\n            </div>\\n          </div>\\n          <div class=\\\"u-align-left u-block-1796-10 u-container-style u-layout-cell u-right-cell u-size-14-lg u-size-14-xl u-size-17-md u-size-17-sm u-size-17-xs\\\" style=\\\"min-height: 152px\\\" data-state=\\\"{&quot;min-height&quot;:{&quot;expandedParent&quot;:{&quot;XL&quot;:true,&quot;LG&quot;:true,&quot;MD&quot;:true,&quot;SM&quot;:true,&quot;XS&quot;:true},&quot;cellMultiplier&quot;:{&quot;XL&quot;:1,&quot;LG&quot;:1,&quot;MD&quot;:1.2142857142857142,&quot;SM&quot;:3.5294117647058822,&quot;XS&quot;:1},&quot;canCollapse&quot;:{&quot;XL&quot;:false,&quot;LG&quot;:false,&quot;MD&quot;:true,&quot;SM&quot;:true,&quot;XS&quot;:true}}}\\\">\\n            <div class=\\\"u-block-1796-11 u-container-layout u-valign-middle-lg u-valign-middle-md u-valign-middle-xl u-valign-top-sm u-valign-top-xs\\\" style=\\\"padding-top: 30px; padding-bottom: 30px; padding-left: 30px; padding-right: 30px\\\" data-state=\\\"{&quot;min-height&quot;:{&quot;canCollapse&quot;:{&quot;XL&quot;:false,&quot;LG&quot;:false,&quot;MD&quot;:false,&quot;SM&quot;:false,&quot;XS&quot;:false}}}\\\">\\n              <a href=\\\"###\\\" class=\\\"u-block-1796-3 u-btn u-button-confirm u-button-style u-palette-1-base\\\" style=\\\"margin-top: 0px; margin-right: auto; margin-bottom: 0px; margin-left: 0px\\\">Confirm</a>\\n            </div>\\n          </div>\\n        </div>\\n      </div>\\n    </div>\\n  </div>\\n  <style data-mode=\\\"XL\\\">@media (max-width: 0px) { .u-block-1796-1 {background-image: none}\\n.u-block-1796-2 {min-height: 212px}\\n.u-block-1796-7 {margin-top: 30px; margin-bottom: 30px}\\n.u-block-1796-8 {min-height: 152px}\\n.u-block-1796-9 {padding-top: 30px; padding-bottom: 30px; padding-left: 60px; padding-right: 60px}\\n.u-block-1796-6 {margin-top: 0px; margin-right: 20px; margin-bottom: 0px}\\n.u-block-1796-5 {margin-top: 8px; margin-right: 20px; margin-bottom: 0px; margin-left: 0px}\\n.u-block-1796-10 {min-height: 152px}\\n.u-block-1796-11 {padding-top: 30px; padding-bottom: 30px; padding-left: 30px; padding-right: 30px}\\n.u-block-1796-3 {margin-top: 0px; margin-right: auto; margin-bottom: 0px; margin-left: 0px} }</style>\\n  <style data-mode=\\\"LG\\\">@media (max-width: 0px) { .u-block-1796-1 {background-image: none}\\n.u-block-1796-2 {min-height: 131px}\\n.u-block-1796-7 {margin-top: 30px; margin-bottom: 30px}\\n.u-block-1796-8 {min-height: 125px}\\n.u-block-1796-9 {padding-top: 30px; padding-bottom: 30px; padding-left: 60px; padding-right: 60px}\\n.u-block-1796-6 {margin-top: 0px; margin-right: 0px; margin-bottom: 0px}\\n.u-block-1796-5 {margin-top: 8px; margin-right: 0px; margin-bottom: 0px; margin-left: 0px}\\n.u-block-1796-10 {min-height: 125px}\\n.u-block-1796-11 {padding-top: 30px; padding-bottom: 30px; padding-left: 30px; padding-right: 30px}\\n.u-block-1796-3 {margin-top: 0px; margin-right: auto; margin-bottom: 0px; margin-left: 0px} }</style>\\n  <style data-mode=\\\"MD\\\" data-visited=\\\"true\\\">@media (max-width: 0px) { .u-block-1796-1 {background-image: none}\\n.u-block-1796-2 {min-height: 106px}\\n.u-block-1796-7 {margin-top: 30px; margin-bottom: 30px}\\n.u-block-1796-8 {min-height: 100px}\\n.u-block-1796-9 {padding-top: 30px; padding-bottom: 30px; padding-left: 30px; padding-right: 30px}\\n.u-block-1796-6 {margin-top: 0px; margin-right: 0px; margin-bottom: 0px}\\n.u-block-1796-5 {margin-top: 8px; margin-right: 0px; margin-bottom: 0px; margin-left: 0px}\\n.u-block-1796-10 {min-height: 100px}\\n.u-block-1796-11 {padding-top: 30px; padding-bottom: 30px; padding-left: 30px; padding-right: 30px}\\n.u-block-1796-3 {margin-top: 0px; margin-right: auto; margin-bottom: 0px; margin-left: 0px} }</style>\\n  <style data-mode=\\\"SM\\\" data-visited=\\\"true\\\">@media (max-width: 0px) { .u-block-1796-1 {background-image: none}\\n.u-block-1796-2 {min-height: 225px}\\n.u-block-1796-7 {margin-top: 30px; margin-bottom: 30px}\\n.u-block-1796-8 {min-height: 154px}\\n.u-block-1796-9 {padding-top: 30px; padding-left: 10px; padding-right: 10px; padding-bottom: 20px}\\n.u-block-1796-6 {margin-top: 0px; margin-right: 0px; margin-bottom: 0px}\\n.u-block-1796-5 {margin-top: 8px; margin-right: 0px; margin-bottom: 0px; margin-left: 0px}\\n.u-block-1796-10 {min-height: 65px}\\n.u-block-1796-11 {padding-top: 10px; padding-bottom: 10px; padding-left: 10px; padding-right: 10px}\\n.u-block-1796-3 {margin-top: 0px; margin-right: auto; margin-bottom: 0px; margin-left: 0px} }</style>\\n  <style data-mode=\\\"XS\\\" data-visited=\\\"true\\\">@media (max-width: 0px) { .u-block-1796-1 {background-image: none}\\n.u-block-1796-2 {min-height: 121px}\\n.u-block-1796-7 {margin-top: 30px; margin-bottom: 30px}\\n.u-block-1796-8 {min-height: 100px}\\n.u-block-1796-9 {padding-top: 30px; padding-bottom: 20px; padding-left: 10px; padding-right: 10px}\\n.u-block-1796-6 {margin-top: 0px; margin-right: 0px; margin-bottom: 0px}\\n.u-block-1796-5 {margin-top: 8px; margin-right: 0px; margin-bottom: 0px; margin-left: 0px}\\n.u-block-1796-10 {min-height: 15px}\\n.u-block-1796-11 {padding-top: 10px; padding-bottom: 10px; padding-left: 10px; padding-right: 10px}\\n.u-block-1796-3 {margin-top: 0px; margin-right: auto; margin-bottom: 0px; margin-left: 0px} }</style>\\n</section>\",\"formMailTo\":\"tufao@hotmail.com\"}","title":"Site2","siteStyleCss":"<style id=\"color-scheme\" color-scheme=\"u13\" color-style=\"multicolor-1\">.u-body {\n--none: transparent;\n--none-r: 255;\n--none-g: 255;\n--none-b: 255;\n--none-contrast: body-color;\n--none-darker: transparent;\n--none-contrast-darker: body-color;\n--none-text-color: var(--body-color);\n--body-color: #35393f;\n--body-color-r: 53;\n--body-color-g: 57;\n--body-color-b: 63;\n--body-color-contrast: white;\n--body-color-darker: #303339;\n--body-color-contrast-darker: white;\n--body-color-text-color: var(--body-alt-color);\n--body-alt-color: #fdfdfd;\n--body-alt-color-r: 253;\n--body-alt-color-g: 253;\n--body-alt-color-b: 253;\n--body-alt-color-contrast: black;\n--body-alt-color-darker: #e4e4e4;\n--body-alt-color-contrast-darker: black;\n--body-alt-color-text-color: var(--body-color);\n--bg-color: #fdfdfd;\n--bg-color-r: 253;\n--bg-color-g: 253;\n--bg-color-b: 253;\n--bg-color-contrast: black;\n--bg-color-darker: #e4e4e4;\n--bg-color-contrast-darker: black;\n--bg-color-text-color: var(--body-color);\n--palette-1-base: #0e3e7f;\n--palette-1-base-r: 14;\n--palette-1-base-g: 62;\n--palette-1-base-b: 127;\n--palette-1-base-contrast: white;\n--palette-1-base-darker: #0d3872;\n--palette-1-base-contrast-darker: white;\n--palette-1-base-text-color: var(--body-alt-color);\n--palette-1-dark-3: #292d33;\n--palette-1-dark-3-r: 41;\n--palette-1-dark-3-g: 45;\n--palette-1-dark-3-b: 51;\n--palette-1-dark-3-contrast: white;\n--palette-1-dark-3-darker: #25292e;\n--palette-1-dark-3-contrast-darker: white;\n--palette-1-dark-3-text-color: var(--body-alt-color);\n--palette-1-dark-2: #293d59;\n--palette-1-dark-2-r: 41;\n--palette-1-dark-2-g: 61;\n--palette-1-dark-2-b: 89;\n--palette-1-dark-2-contrast: white;\n--palette-1-dark-2-darker: #253750;\n--palette-1-dark-2-contrast-darker: white;\n--palette-1-dark-2-text-color: var(--body-alt-color);\n--palette-1-dark-1: #0e3e7f;\n--palette-1-dark-1-r: 14;\n--palette-1-dark-1-g: 62;\n--palette-1-dark-1-b: 127;\n--palette-1-dark-1-contrast: white;\n--palette-1-dark-1-darker: #0d3872;\n--palette-1-dark-1-contrast-darker: white;\n--palette-1-dark-1-text-color: var(--body-alt-color);\n--palette-1: #3b85e8;\n--palette-1-r: 59;\n--palette-1-g: 133;\n--palette-1-b: 232;\n--palette-1-contrast: white;\n--palette-1-darker: #2175e5;\n--palette-1-contrast-darker: white;\n--palette-1-text-color: var(--body-alt-color);\n--palette-1-light-1: #72a7ef;\n--palette-1-light-1-r: 114;\n--palette-1-light-1-g: 167;\n--palette-1-light-1-b: 239;\n--palette-1-light-1-contrast: white;\n--palette-1-light-1-darker: #5293eb;\n--palette-1-light-1-contrast-darker: white;\n--palette-1-light-1-text-color: var(--body-alt-color);\n--palette-1-light-2: #adccf6;\n--palette-1-light-2-r: 173;\n--palette-1-light-2-g: 204;\n--palette-1-light-2-b: 246;\n--palette-1-light-2-contrast: black;\n--palette-1-light-2-darker: #87b5f2;\n--palette-1-light-2-contrast-darker: white;\n--palette-1-light-2-text-color: var(--body-color);\n--palette-1-light-3: #eaf2fd;\n--palette-1-light-3-r: 234;\n--palette-1-light-3-g: 242;\n--palette-1-light-3-b: 253;\n--palette-1-light-3-contrast: black;\n--palette-1-light-3-darker: #bed6f9;\n--palette-1-light-3-contrast-darker: black;\n--palette-1-light-3-text-color: var(--body-color);\n--palette-2-base: #2a405e;\n--palette-2-base-r: 42;\n--palette-2-base-g: 64;\n--palette-2-base-b: 94;\n--palette-2-base-contrast: white;\n--palette-2-base-darker: #263a55;\n--palette-2-base-contrast-darker: white;\n--palette-2-base-text-color: var(--body-alt-color);\n--palette-2-dark-3: #292d33;\n--palette-2-dark-3-r: 41;\n--palette-2-dark-3-g: 45;\n--palette-2-dark-3-b: 51;\n--palette-2-dark-3-contrast: white;\n--palette-2-dark-3-darker: #25292e;\n--palette-2-dark-3-contrast-darker: white;\n--palette-2-dark-3-text-color: var(--body-alt-color);\n--palette-2-dark-2: #2a405e;\n--palette-2-dark-2-r: 42;\n--palette-2-dark-2-g: 64;\n--palette-2-dark-2-b: 94;\n--palette-2-dark-2-contrast: white;\n--palette-2-dark-2-darker: #263a55;\n--palette-2-dark-2-contrast-darker: white;\n--palette-2-dark-2-text-color: var(--body-alt-color);\n--palette-2-dark-1: #4d6b94;\n--palette-2-dark-1-r: 77;\n--palette-2-dark-1-g: 107;\n--palette-2-dark-1-b: 148;\n--palette-2-dark-1-contrast: white;\n--palette-2-dark-1-darker: #456085;\n--palette-2-dark-1-contrast-darker: white;\n--palette-2-dark-1-text-color: var(--body-alt-color);\n--palette-2: #789bca;\n--palette-2-r: 120;\n--palette-2-g: 155;\n--palette-2-b: 202;\n--palette-2-contrast: white;\n--palette-2-darker: #618ac1;\n--palette-2-contrast-darker: white;\n--palette-2-text-color: var(--body-alt-color);\n--palette-2-light-1: #9cb6da;\n--palette-2-light-1-r: 156;\n--palette-2-light-1-g: 182;\n--palette-2-light-1-b: 218;\n--palette-2-light-1-contrast: white;\n--palette-2-light-1-darker: #81a2d0;\n--palette-2-light-1-contrast-darker: white;\n--palette-2-light-1-text-color: var(--body-alt-color);\n--palette-2-light-2: #c4d4ea;\n--palette-2-light-2-r: 196;\n--palette-2-light-2-g: 212;\n--palette-2-light-2-b: 234;\n--palette-2-light-2-contrast: black;\n--palette-2-light-2-darker: #a4bddf;\n--palette-2-light-2-contrast-darker: white;\n--palette-2-light-2-text-color: var(--body-color);\n--palette-2-light-3: #f0f4fa;\n--palette-2-light-3-r: 240;\n--palette-2-light-3-g: 244;\n--palette-2-light-3-b: 250;\n--palette-2-light-3-contrast: black;\n--palette-2-light-3-darker: #cbd9ee;\n--palette-2-light-3-contrast-darker: black;\n--palette-2-light-3-text-color: var(--body-color);\n--palette-3-base: #295785;\n--palette-3-base-r: 41;\n--palette-3-base-g: 87;\n--palette-3-base-b: 133;\n--palette-3-base-contrast: white;\n--palette-3-base-darker: #254e78;\n--palette-3-base-contrast-darker: white;\n--palette-3-base-text-color: var(--body-alt-color);\n--palette-3-dark-3: #292e33;\n--palette-3-dark-3-r: 41;\n--palette-3-dark-3-g: 46;\n--palette-3-dark-3-b: 51;\n--palette-3-dark-3-contrast: white;\n--palette-3-dark-3-darker: #25292e;\n--palette-3-dark-3-contrast-darker: white;\n--palette-3-dark-3-text-color: var(--body-alt-color);\n--palette-3-dark-2: #33475c;\n--palette-3-dark-2-r: 51;\n--palette-3-dark-2-g: 71;\n--palette-3-dark-2-b: 92;\n--palette-3-dark-2-contrast: white;\n--palette-3-dark-2-darker: #2e4053;\n--palette-3-dark-2-contrast-darker: white;\n--palette-3-dark-2-text-color: var(--body-alt-color);\n--palette-3-dark-1: #295785;\n--palette-3-dark-1-r: 41;\n--palette-3-dark-1-g: 87;\n--palette-3-dark-1-b: 133;\n--palette-3-dark-1-contrast: white;\n--palette-3-dark-1-darker: #254e78;\n--palette-3-dark-1-contrast-darker: white;\n--palette-3-dark-1-text-color: var(--body-alt-color);\n--palette-3: #5c9bd9;\n--palette-3-r: 92;\n--palette-3-g: 155;\n--palette-3-b: 217;\n--palette-3-contrast: white;\n--palette-3-darker: #438cd3;\n--palette-3-contrast-darker: white;\n--palette-3-text-color: var(--body-alt-color);\n--palette-3-light-1: #88b6e5;\n--palette-3-light-1-r: 136;\n--palette-3-light-1-g: 182;\n--palette-3-light-1-b: 229;\n--palette-3-light-1-contrast: white;\n--palette-3-light-1-darker: #6aa4de;\n--palette-3-light-1-contrast-darker: white;\n--palette-3-light-1-text-color: var(--body-alt-color);\n--palette-3-light-2: #b9d4f0;\n--palette-3-light-2-r: 185;\n--palette-3-light-2-g: 212;\n--palette-3-light-2-b: 240;\n--palette-3-light-2-contrast: black;\n--palette-3-light-2-darker: #96bee9;\n--palette-3-light-2-contrast-darker: white;\n--palette-3-light-2-text-color: var(--body-color);\n--palette-3-light-3: #edf4fb;\n--palette-3-light-3-r: 237;\n--palette-3-light-3-g: 244;\n--palette-3-light-3-b: 251;\n--palette-3-light-3-contrast: black;\n--palette-3-light-3-darker: #c5dcf2;\n--palette-3-light-3-contrast-darker: black;\n--palette-3-light-3-text-color: var(--body-color);\n--palette-4-base: #5f738d;\n--palette-4-base-r: 95;\n--palette-4-base-g: 115;\n--palette-4-base-b: 141;\n--palette-4-base-contrast: white;\n--palette-4-base-darker: #56687f;\n--palette-4-base-contrast-darker: white;\n--palette-4-base-text-color: var(--body-alt-color);\n--palette-4-dark-3: #292d33;\n--palette-4-dark-3-r: 41;\n--palette-4-dark-3-g: 45;\n--palette-4-dark-3-b: 51;\n--palette-4-dark-3-contrast: white;\n--palette-4-dark-3-darker: #25292e;\n--palette-4-dark-3-contrast-darker: white;\n--palette-4-dark-3-text-color: var(--body-alt-color);\n--palette-4-dark-2: #475260;\n--palette-4-dark-2-r: 71;\n--palette-4-dark-2-g: 82;\n--palette-4-dark-2-b: 96;\n--palette-4-dark-2-contrast: white;\n--palette-4-dark-2-darker: #404a56;\n--palette-4-dark-2-contrast-darker: white;\n--palette-4-dark-2-text-color: var(--body-alt-color);\n--palette-4-dark-1: #5f738d;\n--palette-4-dark-1-r: 95;\n--palette-4-dark-1-g: 115;\n--palette-4-dark-1-b: 141;\n--palette-4-dark-1-contrast: white;\n--palette-4-dark-1-darker: #56687f;\n--palette-4-dark-1-contrast-darker: white;\n--palette-4-dark-1-text-color: var(--body-alt-color);\n--palette-4: #8ca1bd;\n--palette-4-r: 140;\n--palette-4-g: 161;\n--palette-4-b: 189;\n--palette-4-contrast: white;\n--palette-4-darker: #7790b1;\n--palette-4-contrast-darker: white;\n--palette-4-text-color: var(--body-alt-color);\n--palette-4-light-1: #abbbd1;\n--palette-4-light-1-r: 171;\n--palette-4-light-1-g: 187;\n--palette-4-light-1-b: 209;\n--palette-4-light-1-contrast: white;\n--palette-4-light-1-darker: #92a7c4;\n--palette-4-light-1-contrast-darker: white;\n--palette-4-light-1-text-color: var(--body-alt-color);\n--palette-4-light-2: #cdd7e5;\n--palette-4-light-2-r: 205;\n--palette-4-light-2-g: 215;\n--palette-4-light-2-b: 229;\n--palette-4-light-2-contrast: black;\n--palette-4-light-2-darker: #b0c0d6;\n--palette-4-light-2-contrast-darker: black;\n--palette-4-light-2-text-color: var(--body-color);\n--palette-4-light-3: #f2f5f8;\n--palette-4-light-3-r: 242;\n--palette-4-light-3-g: 245;\n--palette-4-light-3-b: 248;\n--palette-4-light-3-contrast: black;\n--palette-4-light-3-darker: #d2dde7;\n--palette-4-light-3-contrast-darker: black;\n--palette-4-light-3-text-color: var(--body-color);\n--palette-5-base: #0e3e7f;\n--palette-5-base-r: 14;\n--palette-5-base-g: 62;\n--palette-5-base-b: 127;\n--palette-5-base-contrast: white;\n--palette-5-base-darker: #0d3872;\n--palette-5-base-contrast-darker: white;\n--palette-5-base-text-color: var(--body-alt-color);\n--palette-5-dark-3: #292d33;\n--palette-5-dark-3-r: 41;\n--palette-5-dark-3-g: 45;\n--palette-5-dark-3-b: 51;\n--palette-5-dark-3-contrast: white;\n--palette-5-dark-3-darker: #25292e;\n--palette-5-dark-3-contrast-darker: white;\n--palette-5-dark-3-text-color: var(--body-alt-color);\n--palette-5-dark-2: #293d59;\n--palette-5-dark-2-r: 41;\n--palette-5-dark-2-g: 61;\n--palette-5-dark-2-b: 89;\n--palette-5-dark-2-contrast: white;\n--palette-5-dark-2-darker: #253750;\n--palette-5-dark-2-contrast-darker: white;\n--palette-5-dark-2-text-color: var(--body-alt-color);\n--palette-5-dark-1: #0e3e7f;\n--palette-5-dark-1-r: 14;\n--palette-5-dark-1-g: 62;\n--palette-5-dark-1-b: 127;\n--palette-5-dark-1-contrast: white;\n--palette-5-dark-1-darker: #0d3872;\n--palette-5-dark-1-contrast-darker: white;\n--palette-5-dark-1-text-color: var(--body-alt-color);\n--palette-5: #3b85e8;\n--palette-5-r: 59;\n--palette-5-g: 133;\n--palette-5-b: 232;\n--palette-5-contrast: white;\n--palette-5-darker: #2175e5;\n--palette-5-contrast-darker: white;\n--palette-5-text-color: var(--body-alt-color);\n--palette-5-light-1: #72a7ef;\n--palette-5-light-1-r: 114;\n--palette-5-light-1-g: 167;\n--palette-5-light-1-b: 239;\n--palette-5-light-1-contrast: white;\n--palette-5-light-1-darker: #5293eb;\n--palette-5-light-1-contrast-darker: white;\n--palette-5-light-1-text-color: var(--body-alt-color);\n--palette-5-light-2: #adccf6;\n--palette-5-light-2-r: 173;\n--palette-5-light-2-g: 204;\n--palette-5-light-2-b: 246;\n--palette-5-light-2-contrast: black;\n--palette-5-light-2-darker: #87b5f2;\n--palette-5-light-2-contrast-darker: white;\n--palette-5-light-2-text-color: var(--body-color);\n--palette-5-light-3: #eaf2fd;\n--palette-5-light-3-r: 234;\n--palette-5-light-3-g: 242;\n--palette-5-light-3-b: 253;\n--palette-5-light-3-contrast: black;\n--palette-5-light-3-darker: #bed6f9;\n--palette-5-light-3-contrast-darker: black;\n--palette-5-light-3-text-color: var(--body-color);\n--grey-40: #999999;\n--grey-40-r: 153;\n--grey-40-g: 153;\n--grey-40-b: 153;\n--grey-40-contrast: white;\n--grey-40-darker: #8a8a8a;\n--grey-40-contrast-darker: white;\n--grey-40-text-color: var(--body-alt-color);\n--grey-30: #b3b3b3;\n--grey-30-r: 179;\n--grey-30-g: 179;\n--grey-30-b: 179;\n--grey-30-contrast: white;\n--grey-30-darker: #a1a1a1;\n--grey-30-contrast-darker: white;\n--grey-30-text-color: var(--body-alt-color);\n--grey-25: #c0c0c0;\n--grey-25-r: 192;\n--grey-25-g: 192;\n--grey-25-b: 192;\n--grey-25-contrast: black;\n--grey-25-darker: #adadad;\n--grey-25-contrast-darker: white;\n--grey-25-text-color: var(--body-color);\n--white: #ffffff;\n--white-r: 255;\n--white-g: 255;\n--white-b: 255;\n--white-contrast: black;\n--white-darker: #e6e6e6;\n--white-contrast-darker: black;\n--white-text-color: var(--body-color);\n--grey-15: #d9d9d9;\n--grey-15-r: 217;\n--grey-15-g: 217;\n--grey-15-b: 217;\n--grey-15-contrast: black;\n--grey-15-darker: #c3c3c3;\n--grey-15-contrast-darker: black;\n--grey-15-text-color: var(--body-color);\n--grey-10: #e5e5e5;\n--grey-10-r: 229;\n--grey-10-g: 229;\n--grey-10-b: 229;\n--grey-10-contrast: black;\n--grey-10-darker: #cecece;\n--grey-10-contrast-darker: black;\n--grey-10-text-color: var(--body-color);\n--grey-5: #f2f2f2;\n--grey-5-r: 242;\n--grey-5-g: 242;\n--grey-5-b: 242;\n--grey-5-contrast: black;\n--grey-5-darker: #dadada;\n--grey-5-contrast-darker: black;\n--grey-5-text-color: var(--body-color);\n--grey-90: #1a1a1a;\n--grey-90-r: 26;\n--grey-90-g: 26;\n--grey-90-b: 26;\n--grey-90-contrast: white;\n--grey-90-darker: #171717;\n--grey-90-contrast-darker: white;\n--grey-90-text-color: var(--body-alt-color);\n--grey-80: #333333;\n--grey-80-r: 51;\n--grey-80-g: 51;\n--grey-80-b: 51;\n--grey-80-contrast: white;\n--grey-80-darker: #2e2e2e;\n--grey-80-contrast-darker: white;\n--grey-80-text-color: var(--body-alt-color);\n--grey-75: #404040;\n--grey-75-r: 64;\n--grey-75-g: 64;\n--grey-75-b: 64;\n--grey-75-contrast: white;\n--grey-75-darker: #3a3a3a;\n--grey-75-contrast-darker: white;\n--grey-75-text-color: var(--body-alt-color);\n--black: #000000;\n--black-r: 0;\n--black-g: 0;\n--black-b: 0;\n--black-contrast: white;\n--black-darker: #000000;\n--black-contrast-darker: white;\n--black-text-color: var(--body-alt-color);\n--grey-70: #4d4d4d;\n--grey-70-r: 77;\n--grey-70-g: 77;\n--grey-70-b: 77;\n--grey-70-contrast: white;\n--grey-70-darker: #454545;\n--grey-70-contrast-darker: white;\n--grey-70-text-color: var(--body-alt-color);\n--grey-60: #666666;\n--grey-60-r: 102;\n--grey-60-g: 102;\n--grey-60-b: 102;\n--grey-60-contrast: white;\n--grey-60-darker: #5c5c5c;\n--grey-60-contrast-darker: white;\n--grey-60-text-color: var(--body-alt-color);\n--grey-50: #808080;\n--grey-50-r: 128;\n--grey-50-g: 128;\n--grey-50-b: 128;\n--grey-50-contrast: white;\n--grey-50-darker: #737373;\n--grey-50-contrast-darker: white;\n--grey-50-text-color: var(--body-alt-color);\n--grey-dark-3: #212121;\n--grey-dark-3-r: 33;\n--grey-dark-3-g: 33;\n--grey-dark-3-b: 33;\n--grey-dark-3-contrast: white;\n--grey-dark-3-darker: #1e1e1e;\n--grey-dark-3-contrast-darker: white;\n--grey-dark-3-text-color: var(--body-alt-color);\n--grey-dark-2: #333333;\n--grey-dark-2-r: 51;\n--grey-dark-2-g: 51;\n--grey-dark-2-b: 51;\n--grey-dark-2-contrast: white;\n--grey-dark-2-darker: #2e2e2e;\n--grey-dark-2-contrast-darker: white;\n--grey-dark-2-text-color: var(--body-alt-color);\n--grey-dark-1: #454545;\n--grey-dark-1-r: 69;\n--grey-dark-1-g: 69;\n--grey-dark-1-b: 69;\n--grey-dark-1-contrast: white;\n--grey-dark-1-darker: #3e3e3e;\n--grey-dark-1-contrast-darker: white;\n--grey-dark-1-text-color: var(--body-alt-color);\n--grey: #b3b3b3;\n--grey-r: 179;\n--grey-g: 179;\n--grey-b: 179;\n--grey-contrast: white;\n--grey-darker: #a1a1a1;\n--grey-contrast-darker: white;\n--grey-text-color: var(--body-alt-color);\n--grey-light-1: #d9d9d9;\n--grey-light-1-r: 217;\n--grey-light-1-g: 217;\n--grey-light-1-b: 217;\n--grey-light-1-contrast: black;\n--grey-light-1-darker: #c3c3c3;\n--grey-light-1-contrast-darker: black;\n--grey-light-1-text-color: var(--body-color);\n--grey-light-2: #eeeeee;\n--grey-light-2-r: 238;\n--grey-light-2-g: 238;\n--grey-light-2-b: 238;\n--grey-light-2-contrast: black;\n--grey-light-2-darker: #d6d6d6;\n--grey-light-2-contrast-darker: black;\n--grey-light-2-text-color: var(--body-color);\n--grey-light-3: #f6f6f6;\n--grey-light-3-r: 246;\n--grey-light-3-g: 246;\n--grey-light-3-b: 246;\n--grey-light-3-contrast: black;\n--grey-light-3-darker: #dddddd;\n--grey-light-3-contrast-darker: black;\n--grey-light-3-text-color: var(--body-color);\n--color-1-base: #0e3e7f;\n--color-1-base-r: 14;\n--color-1-base-g: 62;\n--color-1-base-b: 127;\n--color-1-base-contrast: white;\n--color-1-base-darker: #0d3872;\n--color-1-base-contrast-darker: white;\n--color-1-base-text-color: var(--body-alt-color);\n--color-1-dark-3: #292d33;\n--color-1-dark-3-r: 41;\n--color-1-dark-3-g: 45;\n--color-1-dark-3-b: 51;\n--color-1-dark-3-contrast: white;\n--color-1-dark-3-darker: #25292e;\n--color-1-dark-3-contrast-darker: white;\n--color-1-dark-3-text-color: var(--body-alt-color);\n--color-1-dark-2: #293d59;\n--color-1-dark-2-r: 41;\n--color-1-dark-2-g: 61;\n--color-1-dark-2-b: 89;\n--color-1-dark-2-contrast: white;\n--color-1-dark-2-darker: #253750;\n--color-1-dark-2-contrast-darker: white;\n--color-1-dark-2-text-color: var(--body-alt-color);\n--color-1-dark-1: #0e3e7f;\n--color-1-dark-1-r: 14;\n--color-1-dark-1-g: 62;\n--color-1-dark-1-b: 127;\n--color-1-dark-1-contrast: white;\n--color-1-dark-1-darker: #0d3872;\n--color-1-dark-1-contrast-darker: white;\n--color-1-dark-1-text-color: var(--body-alt-color);\n--color-1: #3b85e8;\n--color-1-r: 59;\n--color-1-g: 133;\n--color-1-b: 232;\n--color-1-contrast: white;\n--color-1-darker: #2175e5;\n--color-1-contrast-darker: white;\n--color-1-text-color: var(--body-alt-color);\n--color-1-light-1: #72a7ef;\n--color-1-light-1-r: 114;\n--color-1-light-1-g: 167;\n--color-1-light-1-b: 239;\n--color-1-light-1-contrast: white;\n--color-1-light-1-darker: #5293eb;\n--color-1-light-1-contrast-darker: white;\n--color-1-light-1-text-color: var(--body-alt-color);\n--color-1-light-2: #adccf6;\n--color-1-light-2-r: 173;\n--color-1-light-2-g: 204;\n--color-1-light-2-b: 246;\n--color-1-light-2-contrast: black;\n--color-1-light-2-darker: #87b5f2;\n--color-1-light-2-contrast-darker: white;\n--color-1-light-2-text-color: var(--body-color);\n--color-1-light-3: #eaf2fd;\n--color-1-light-3-r: 234;\n--color-1-light-3-g: 242;\n--color-1-light-3-b: 253;\n--color-1-light-3-contrast: black;\n--color-1-light-3-darker: #bed6f9;\n--color-1-light-3-contrast-darker: black;\n--color-1-light-3-text-color: var(--body-color);\n--color-2-base: #2a405e;\n--color-2-base-r: 42;\n--color-2-base-g: 64;\n--color-2-base-b: 94;\n--color-2-base-contrast: white;\n--color-2-base-darker: #263a55;\n--color-2-base-contrast-darker: white;\n--color-2-base-text-color: var(--body-alt-color);\n--color-2-dark-3: #292d33;\n--color-2-dark-3-r: 41;\n--color-2-dark-3-g: 45;\n--color-2-dark-3-b: 51;\n--color-2-dark-3-contrast: white;\n--color-2-dark-3-darker: #25292e;\n--color-2-dark-3-contrast-darker: white;\n--color-2-dark-3-text-color: var(--body-alt-color);\n--color-2-dark-2: #2a405e;\n--color-2-dark-2-r: 42;\n--color-2-dark-2-g: 64;\n--color-2-dark-2-b: 94;\n--color-2-dark-2-contrast: white;\n--color-2-dark-2-darker: #263a55;\n--color-2-dark-2-contrast-darker: white;\n--color-2-dark-2-text-color: var(--body-alt-color);\n--color-2-dark-1: #4d6b94;\n--color-2-dark-1-r: 77;\n--color-2-dark-1-g: 107;\n--color-2-dark-1-b: 148;\n--color-2-dark-1-contrast: white;\n--color-2-dark-1-darker: #456085;\n--color-2-dark-1-contrast-darker: white;\n--color-2-dark-1-text-color: var(--body-alt-color);\n--color-2: #789bca;\n--color-2-r: 120;\n--color-2-g: 155;\n--color-2-b: 202;\n--color-2-contrast: white;\n--color-2-darker: #618ac1;\n--color-2-contrast-darker: white;\n--color-2-text-color: var(--body-alt-color);\n--color-2-light-1: #9cb6da;\n--color-2-light-1-r: 156;\n--color-2-light-1-g: 182;\n--color-2-light-1-b: 218;\n--color-2-light-1-contrast: white;\n--color-2-light-1-darker: #81a2d0;\n--color-2-light-1-contrast-darker: white;\n--color-2-light-1-text-color: var(--body-alt-color);\n--color-2-light-2: #c4d4ea;\n--color-2-light-2-r: 196;\n--color-2-light-2-g: 212;\n--color-2-light-2-b: 234;\n--color-2-light-2-contrast: black;\n--color-2-light-2-darker: #a4bddf;\n--color-2-light-2-contrast-darker: white;\n--color-2-light-2-text-color: var(--body-color);\n--color-2-light-3: #f0f4fa;\n--color-2-light-3-r: 240;\n--color-2-light-3-g: 244;\n--color-2-light-3-b: 250;\n--color-2-light-3-contrast: black;\n--color-2-light-3-darker: #cbd9ee;\n--color-2-light-3-contrast-darker: black;\n--color-2-light-3-text-color: var(--body-color);\n--color-3-base: #295785;\n--color-3-base-r: 41;\n--color-3-base-g: 87;\n--color-3-base-b: 133;\n--color-3-base-contrast: white;\n--color-3-base-darker: #254e78;\n--color-3-base-contrast-darker: white;\n--color-3-base-text-color: var(--body-alt-color);\n--color-3-dark-3: #292e33;\n--color-3-dark-3-r: 41;\n--color-3-dark-3-g: 46;\n--color-3-dark-3-b: 51;\n--color-3-dark-3-contrast: white;\n--color-3-dark-3-darker: #25292e;\n--color-3-dark-3-contrast-darker: white;\n--color-3-dark-3-text-color: var(--body-alt-color);\n--color-3-dark-2: #33475c;\n--color-3-dark-2-r: 51;\n--color-3-dark-2-g: 71;\n--color-3-dark-2-b: 92;\n--color-3-dark-2-contrast: white;\n--color-3-dark-2-darker: #2e4053;\n--color-3-dark-2-contrast-darker: white;\n--color-3-dark-2-text-color: var(--body-alt-color);\n--color-3-dark-1: #295785;\n--color-3-dark-1-r: 41;\n--color-3-dark-1-g: 87;\n--color-3-dark-1-b: 133;\n--color-3-dark-1-contrast: white;\n--color-3-dark-1-darker: #254e78;\n--color-3-dark-1-contrast-darker: white;\n--color-3-dark-1-text-color: var(--body-alt-color);\n--color-3: #5c9bd9;\n--color-3-r: 92;\n--color-3-g: 155;\n--color-3-b: 217;\n--color-3-contrast: white;\n--color-3-darker: #438cd3;\n--color-3-contrast-darker: white;\n--color-3-text-color: var(--body-alt-color);\n--color-3-light-1: #88b6e5;\n--color-3-light-1-r: 136;\n--color-3-light-1-g: 182;\n--color-3-light-1-b: 229;\n--color-3-light-1-contrast: white;\n--color-3-light-1-darker: #6aa4de;\n--color-3-light-1-contrast-darker: white;\n--color-3-light-1-text-color: var(--body-alt-color);\n--color-3-light-2: #b9d4f0;\n--color-3-light-2-r: 185;\n--color-3-light-2-g: 212;\n--color-3-light-2-b: 240;\n--color-3-light-2-contrast: black;\n--color-3-light-2-darker: #96bee9;\n--color-3-light-2-contrast-darker: white;\n--color-3-light-2-text-color: var(--body-color);\n--color-3-light-3: #edf4fb;\n--color-3-light-3-r: 237;\n--color-3-light-3-g: 244;\n--color-3-light-3-b: 251;\n--color-3-light-3-contrast: black;\n--color-3-light-3-darker: #c5dcf2;\n--color-3-light-3-contrast-darker: black;\n--color-3-light-3-text-color: var(--body-color);\n--color-4-base: #5f738d;\n--color-4-base-r: 95;\n--color-4-base-g: 115;\n--color-4-base-b: 141;\n--color-4-base-contrast: white;\n--color-4-base-darker: #56687f;\n--color-4-base-contrast-darker: white;\n--color-4-base-text-color: var(--body-alt-color);\n--color-4-dark-3: #292d33;\n--color-4-dark-3-r: 41;\n--color-4-dark-3-g: 45;\n--color-4-dark-3-b: 51;\n--color-4-dark-3-contrast: white;\n--color-4-dark-3-darker: #25292e;\n--color-4-dark-3-contrast-darker: white;\n--color-4-dark-3-text-color: var(--body-alt-color);\n--color-4-dark-2: #475260;\n--color-4-dark-2-r: 71;\n--color-4-dark-2-g: 82;\n--color-4-dark-2-b: 96;\n--color-4-dark-2-contrast: white;\n--color-4-dark-2-darker: #404a56;\n--color-4-dark-2-contrast-darker: white;\n--color-4-dark-2-text-color: var(--body-alt-color);\n--color-4-dark-1: #5f738d;\n--color-4-dark-1-r: 95;\n--color-4-dark-1-g: 115;\n--color-4-dark-1-b: 141;\n--color-4-dark-1-contrast: white;\n--color-4-dark-1-darker: #56687f;\n--color-4-dark-1-contrast-darker: white;\n--color-4-dark-1-text-color: var(--body-alt-color);\n--color-4: #8ca1bd;\n--color-4-r: 140;\n--color-4-g: 161;\n--color-4-b: 189;\n--color-4-contrast: white;\n--color-4-darker: #7790b1;\n--color-4-contrast-darker: white;\n--color-4-text-color: var(--body-alt-color);\n--color-4-light-1: #abbbd1;\n--color-4-light-1-r: 171;\n--color-4-light-1-g: 187;\n--color-4-light-1-b: 209;\n--color-4-light-1-contrast: white;\n--color-4-light-1-darker: #92a7c4;\n--color-4-light-1-contrast-darker: white;\n--color-4-light-1-text-color: var(--body-alt-color);\n--color-4-light-2: #cdd7e5;\n--color-4-light-2-r: 205;\n--color-4-light-2-g: 215;\n--color-4-light-2-b: 229;\n--color-4-light-2-contrast: black;\n--color-4-light-2-darker: #b0c0d6;\n--color-4-light-2-contrast-darker: black;\n--color-4-light-2-text-color: var(--body-color);\n--color-4-light-3: #f2f5f8;\n--color-4-light-3-r: 242;\n--color-4-light-3-g: 245;\n--color-4-light-3-b: 248;\n--color-4-light-3-contrast: black;\n--color-4-light-3-darker: #d2dde7;\n--color-4-light-3-contrast-darker: black;\n--color-4-light-3-text-color: var(--body-color);\n--color-5-base: #0e3e7f;\n--color-5-base-r: 14;\n--color-5-base-g: 62;\n--color-5-base-b: 127;\n--color-5-base-contrast: white;\n--color-5-base-darker: #0d3872;\n--color-5-base-contrast-darker: white;\n--color-5-base-text-color: var(--body-alt-color);\n--color-5-dark-3: #292d33;\n--color-5-dark-3-r: 41;\n--color-5-dark-3-g: 45;\n--color-5-dark-3-b: 51;\n--color-5-dark-3-contrast: white;\n--color-5-dark-3-darker: #25292e;\n--color-5-dark-3-contrast-darker: white;\n--color-5-dark-3-text-color: var(--body-alt-color);\n--color-5-dark-2: #293d59;\n--color-5-dark-2-r: 41;\n--color-5-dark-2-g: 61;\n--color-5-dark-2-b: 89;\n--color-5-dark-2-contrast: white;\n--color-5-dark-2-darker: #253750;\n--color-5-dark-2-contrast-darker: white;\n--color-5-dark-2-text-color: var(--body-alt-color);\n--color-5-dark-1: #0e3e7f;\n--color-5-dark-1-r: 14;\n--color-5-dark-1-g: 62;\n--color-5-dark-1-b: 127;\n--color-5-dark-1-contrast: white;\n--color-5-dark-1-darker: #0d3872;\n--color-5-dark-1-contrast-darker: white;\n--color-5-dark-1-text-color: var(--body-alt-color);\n--color-5: #3b85e8;\n--color-5-r: 59;\n--color-5-g: 133;\n--color-5-b: 232;\n--color-5-contrast: white;\n--color-5-darker: #2175e5;\n--color-5-contrast-darker: white;\n--color-5-text-color: var(--body-alt-color);\n--color-5-light-1: #72a7ef;\n--color-5-light-1-r: 114;\n--color-5-light-1-g: 167;\n--color-5-light-1-b: 239;\n--color-5-light-1-contrast: white;\n--color-5-light-1-darker: #5293eb;\n--color-5-light-1-contrast-darker: white;\n--color-5-light-1-text-color: var(--body-alt-color);\n--color-5-light-2: #adccf6;\n--color-5-light-2-r: 173;\n--color-5-light-2-g: 204;\n--color-5-light-2-b: 246;\n--color-5-light-2-contrast: black;\n--color-5-light-2-darker: #87b5f2;\n--color-5-light-2-contrast-darker: white;\n--color-5-light-2-text-color: var(--body-color);\n--color-5-light-3: #eaf2fd;\n--color-5-light-3-r: 234;\n--color-5-light-3-g: 242;\n--color-5-light-3-b: 253;\n--color-5-light-3-contrast: black;\n--color-5-light-3-darker: #bed6f9;\n--color-5-light-3-contrast-darker: black;\n--color-5-light-3-text-color: var(--body-color);\n--white-contrast: var(--body-color);\n--shading-contrast: var(--body-alt-color);\n--bg-contrast: var(--body-color);\n}</style><style id=\"typography\" typography=\"custom-page-typography-23\">\n    .u-body\n    {\n        --title-font-weight: 400;\n        --title-font-size: 4.5rem;\n        --title-line-height: 1.1;\n        --title-margin-top: 20px;\n        --title-margin-bottom: 20px;\n        --title-color: var(--palette-2-base);\n        --title-alt-text-color: var(--palette-2-light-2);\n        --subtitle-font-weight: 400;\n        --subtitle-font-size: 2.25rem;\n        --subtitle-line-height: 1.1;\n        --subtitle-margin-top: 20px;\n        --subtitle-margin-bottom: 20px;\n        --h1-font-weight: 400;\n        --h1-font-size: 3rem;\n        --h1-line-height: 1.1;\n        --h1-margin-top: 20px;\n        --h1-margin-bottom: 20px;\n        --h1-color: var(--palette-2-base);\n        --h1-alt-text-color: var(--palette-2-light-2);\n        --h2-font-weight: 400;\n        --h2-font-size: 2.25rem;\n        --h2-line-height: 1.1;\n        --h2-margin-top: 20px;\n        --h2-margin-bottom: 20px;\n        --h2-color: var(--palette-2-base);\n        --h2-alt-text-color: var(--palette-2-light-2);\n        --h3-font-weight: 400;\n        --h3-font-size: 1.875rem;\n        --h3-line-height: 1.2;\n        --h3-margin-top: 20px;\n        --h3-margin-bottom: 20px;\n        --h4-font-weight: 400;\n        --h4-font-size: 1.5rem;\n        --h4-line-height: 1.2;\n        --h4-margin-top: 20px;\n        --h4-margin-bottom: 20px;\n        --h5-font-weight: 400;\n        --h5-font-size: 1.25rem;\n        --h5-line-height: 1.2;\n        --h5-margin-top: 20px;\n        --h5-margin-bottom: 20px;\n        --h6-font-weight: 400;\n        --h6-font-size: 1.125rem;\n        --h6-line-height: 1.2;\n        --h6-margin-top: 20px;\n        --h6-margin-bottom: 20px;\n        --largeText-font-size: 1.25rem;\n        --largeText-margin-top: 20px;\n        --largeText-margin-bottom: 20px;\n        --smallText-font-size: 0.875rem;\n        --smallText-margin-top: 20px;\n        --smallText-margin-bottom: 20px;\n        --smallText-color: var(--palette-4-base);\n        --smallText-alt-text-color: var(--palette-4-light-2);\n        --text-margin-top: 20px;\n        --text-margin-bottom: 20px;\n        --text-color: var(--palette-4-base);\n        --text-alt-text-color: var(--palette-4-light-2);\n        --button-margin-top: 20px;\n        --button-margin-bottom: 20px;\n        --button-text-transform: uppercase;\n        --button-letter-spacing: 2px;\n        --button-font-size: 0.875rem;\n        --button-font-family: var(--heading-font);\n        --button-background-color: var(--palette-1-base);\n        --button-color: var(--palette-1-light-3);\n        --button-alt-background-color: var(--palette-1-light-2);\n        --button-alt-color: var(--black);\n        --button-hover-background-color: var(--palette-1-base-darker);\n        --button-hover-color: var(--palette-1-light-3);\n        --button-hover-alt-background-color: var(--palette-1-light-2-darker);\n        --button-hover-alt-color: var(--black);\n        --button-hover-background-color: var(--palette-1-base-darker);\n        --button-hover-color: var(--palette-1-light-3);\n        --button-hover-alt-background-color: var(--palette-1-light-2-darker);\n        --button-hover-alt-color: var(--black);\n        --button-active-background-color: var(--palette-1-base-darker);\n        --button-active-color: var(--palette-1-light-3);\n        --button-active-alt-background-color: var(--palette-1-light-2-darker);\n        --button-active-alt-color: var(--black);\n        --blockquote-font-style: italic;\n        --blockquote-padding-left: 20px;\n        --blockquote-border-width: 4px;\n        --blockquote-border-color: var(--palette-1-base);\n        --blockquote-margin-top: 20px;\n        --blockquote-margin-bottom: 20px;\n        --blockquote-color: var(--palette-4-base);\n        --blockquote-alt-text-color: var(--palette-4-light-2);\n        --metadata-margin-top: 20px;\n        --metadata-margin-bottom: 20px;\n        --list-margin-top: 20px;\n        --list-margin-bottom: 20px;\n        --orderedlist-margin-top: 20px;\n        --orderedlist-margin-bottom: 20px;\n        --postContent-margin-top: 20px;\n        --postContent-margin-bottom: 20px;\n        --hyperlink-color: var(--palette-1-base);\n        --hyperlink-alt-text-color: var(--palette-1-light-2);\n        --hyperlink-hover-color: var(--palette-1-base-darker);\n        --hyperlink-hover-alt-text-color: var(--grey-30-darker);\n    }\n\n    /** common-rules **/\n    h1.u-title\n    {\n        font-weight: var(--title-font-weight);\n        font-size: var(--title-font-size);\n        line-height: var(--title-line-height);\n        margin-top: var(--title-margin-top);\n        margin-bottom: var(--title-margin-bottom);\n    }\n    h2.u-subtitle\n    {\n        font-weight: var(--subtitle-font-weight);\n        font-size: var(--subtitle-font-size);\n        line-height: var(--subtitle-line-height);\n        margin-top: var(--subtitle-margin-top);\n        margin-bottom: var(--subtitle-margin-bottom);\n    }\n    h1:not(.u-title)\n    {\n        font-weight: var(--h1-font-weight);\n        font-size: var(--h1-font-size);\n        line-height: var(--h1-line-height);\n        margin-top: var(--h1-margin-top);\n        margin-bottom: var(--h1-margin-bottom);\n    }\n    h2:not(.u-subtitle)\n    {\n        font-weight: var(--h2-font-weight);\n        font-size: var(--h2-font-size);\n        line-height: var(--h2-line-height);\n        margin-top: var(--h2-margin-top);\n        margin-bottom: var(--h2-margin-bottom);\n    }\n    h3\n    {\n        font-weight: var(--h3-font-weight);\n        font-size: var(--h3-font-size);\n        line-height: var(--h3-line-height);\n        margin-top: var(--h3-margin-top);\n        margin-bottom: var(--h3-margin-bottom);\n    }\n    h4\n    {\n        font-weight: var(--h4-font-weight);\n        font-size: var(--h4-font-size);\n        line-height: var(--h4-line-height);\n        margin-top: var(--h4-margin-top);\n        margin-bottom: var(--h4-margin-bottom);\n    }\n    h5\n    {\n        font-weight: var(--h5-font-weight);\n        font-size: var(--h5-font-size);\n        line-height: var(--h5-line-height);\n        margin-top: var(--h5-margin-top);\n        margin-bottom: var(--h5-margin-bottom);\n    }\n    h6\n    {\n        font-weight: var(--h6-font-weight);\n        font-size: var(--h6-font-size);\n        line-height: var(--h6-line-height);\n        margin-top: var(--h6-margin-top);\n        margin-bottom: var(--h6-margin-bottom);\n    }\n    p.u-large-text\n    {\n        font-size: var(--largeText-font-size);\n        margin-top: var(--largeText-margin-top);\n        margin-bottom: var(--largeText-margin-bottom);\n    }\n    p.u-small-text\n    {\n        font-size: var(--smallText-font-size);\n        margin-top: var(--smallText-margin-top);\n        margin-bottom: var(--smallText-margin-bottom);\n    }\n    p:not(.u-text-variant)\n    {\n        margin-top: var(--text-margin-top);\n        margin-bottom: var(--text-margin-bottom);\n    }\n    .u-btn\n    {\n        margin-top: var(--button-margin-top);\n        margin-bottom: var(--button-margin-bottom);\n        text-transform: var(--button-text-transform);\n        letter-spacing: var(--button-letter-spacing);\n        font-size: var(--button-font-size);\n        font-family: var(--button-font-family);\n    }\n    blockquote\n    {\n        font-style: var(--blockquote-font-style);\n        padding-left: var(--blockquote-padding-left);\n        border-width: var(--blockquote-border-width);\n        margin-top: var(--blockquote-margin-top);\n        margin-bottom: var(--blockquote-margin-bottom);\n    }\n    .u-metadata\n    {\n        margin-top: var(--metadata-margin-top);\n        margin-bottom: var(--metadata-margin-bottom);\n    }\n    ul:not(.u-unstyled)\n    {\n        margin-top: var(--list-margin-top);\n        margin-bottom: var(--list-margin-bottom);\n    }\n    ol\n    {\n        margin-top: var(--orderedlist-margin-top);\n        margin-bottom: var(--orderedlist-margin-bottom);\n    }\n    .u-post-content\n    {\n        margin-top: var(--postContent-margin-top);\n        margin-bottom: var(--postContent-margin-bottom);\n    }\n    /** common-rules **/\n\n    /** publish-rules **/\n    /*begin-media rules*/\n    /*end-media rules*/\n    /** publish-rules **/\n\n    \n\n    /** cms-rules **/\n    /*begin-responsive rules*/\n    /*end-responsive rules*/\n    /** cms-rules **/\n\n    /** color-rules **/\n    .u-overlap.u-overlap-transparent:not(.u-overlap-contrast) .u-header :not(.u-nav-item) > h1.u-title,\n    .u-gradient > .u-container-layout > h1.u-title,\n    .u-image:not(.u-shading) > .u-container-layout > h1.u-title,\n    h1.u-title\n    {\n        color: var(--title-color);\n    }\n    .u-overlap.u-overlap-transparent:not(.u-overlap-contrast) .u-header :not(.u-nav-item) > h1:not(.u-title),\n    .u-gradient > .u-container-layout > h1:not(.u-title),\n    .u-image:not(.u-shading) > .u-container-layout > h1:not(.u-title),\n    h1:not(.u-title)\n    {\n        color: var(--h1-color);\n    }\n    .u-overlap.u-overlap-transparent:not(.u-overlap-contrast) .u-header :not(.u-nav-item) > h2:not(.u-subtitle),\n    .u-gradient > .u-container-layout > h2:not(.u-subtitle),\n    .u-image:not(.u-shading) > .u-container-layout > h2:not(.u-subtitle),\n    h2:not(.u-subtitle)\n    {\n        color: var(--h2-color);\n    }\n    .u-overlap.u-overlap-transparent:not(.u-overlap-contrast) .u-header :not(.u-nav-item) > p.u-small-text,\n    .u-gradient > .u-container-layout > p.u-small-text,\n    .u-image:not(.u-shading) > .u-container-layout > p.u-small-text,\n    p.u-small-text\n    {\n        color: var(--smallText-color);\n    }\n    .u-overlap.u-overlap-transparent:not(.u-overlap-contrast) .u-header :not(.u-nav-item) > p:not(.u-text-variant),\n    .u-gradient > .u-container-layout > p:not(.u-text-variant),\n    .u-image:not(.u-shading) > .u-container-layout > p:not(.u-text-variant),\n    p:not(.u-text-variant)\n    {\n        color: var(--text-color);\n    }\n    .u-overlap.u-overlap-transparent:not(.u-overlap-contrast) .u-header :not(.u-nav-item) > .u-btn,\n    .u-gradient > .u-container-layout > .u-btn,\n    .u-image:not(.u-shading) > .u-container-layout > .u-btn,\n    .u-btn\n    {\n        background-color: var(--button-background-color);\n        color: var(--button-color);\n    }\n    .u-overlap.u-overlap-transparent:not(.u-overlap-contrast) .u-header :not(.u-nav-item) > .u-btn:hover,\n    .u-gradient > .u-container-layout > .u-btn:hover,\n    .u-image:not(.u-shading) > .u-container-layout > .u-btn:hover,\n    .u-btn:hover\n    {\n        background-color: var(--button-hover-background-color);\n        color: var(--button-hover-color);\n    }\n    .u-overlap.u-overlap-transparent:not(.u-overlap-contrast) .u-header :not(.u-nav-item) > .u-btn:focus,\n    .u-gradient > .u-container-layout > .u-btn:focus,\n    .u-image:not(.u-shading) > .u-container-layout > .u-btn:focus,\n    .u-btn:focus\n    {\n        background-color: var(--button-hover-background-color);\n        color: var(--button-hover-color);\n    }\n    .u-overlap.u-overlap-transparent:not(.u-overlap-contrast) .u-header :not(.u-nav-item) > .u-btn:active,\n    .u-gradient > .u-container-layout > .u-btn:active,\n    .u-image:not(.u-shading) > .u-container-layout > .u-btn:active,\n    .u-btn:active\n    {\n        background-color: var(--button-active-background-color);\n        color: var(--button-active-color);\n    }\n    .u-overlap.u-overlap-transparent:not(.u-overlap-contrast) .u-header :not(.u-nav-item) > blockquote,\n    .u-gradient > .u-container-layout > blockquote,\n    .u-image:not(.u-shading) > .u-container-layout > blockquote,\n    blockquote\n    {\n        border-color: var(--blockquote-border-color);\n        color: var(--blockquote-color);\n    }\n    .u-overlap.u-overlap-transparent:not(.u-overlap-contrast) .u-header :not(.u-nav-item) > a,\n    .u-gradient > .u-container-layout > a,\n    .u-image:not(.u-shading) > .u-container-layout > a,\n    a\n    {\n        color: var(--hyperlink-color);\n    }\n    .u-overlap.u-overlap-transparent:not(.u-overlap-contrast) .u-header :not(.u-nav-item) > a:hover,\n    .u-gradient > .u-container-layout > a:hover,\n    .u-image:not(.u-shading) > .u-container-layout > a:hover,\n    a:hover\n    {\n        color: var(--hyperlink-hover-color);\n    }\n    /** color-rules **/\n\n    /** alt-color-rules **/\n    .u-body-color h1.u-title,.u-palette-1-base h1.u-title,.u-palette-1-dark-3 h1.u-title,.u-palette-1-dark-2 h1.u-title,.u-palette-1-dark-1 h1.u-title,.u-palette-1 h1.u-title,.u-palette-1-light-1 h1.u-title,.u-palette-2-base h1.u-title,.u-palette-2-dark-3 h1.u-title,.u-palette-2-dark-2 h1.u-title,.u-palette-2-dark-1 h1.u-title,.u-palette-2 h1.u-title,.u-palette-2-light-1 h1.u-title,.u-palette-3-base h1.u-title,.u-palette-3-dark-3 h1.u-title,.u-palette-3-dark-2 h1.u-title,.u-palette-3-dark-1 h1.u-title,.u-palette-3 h1.u-title,.u-palette-3-light-1 h1.u-title,.u-palette-4-base h1.u-title,.u-palette-4-dark-3 h1.u-title,.u-palette-4-dark-2 h1.u-title,.u-palette-4-dark-1 h1.u-title,.u-palette-4 h1.u-title,.u-palette-4-light-1 h1.u-title,.u-palette-5-base h1.u-title,.u-palette-5-dark-3 h1.u-title,.u-palette-5-dark-2 h1.u-title,.u-palette-5-dark-1 h1.u-title,.u-palette-5 h1.u-title,.u-palette-5-light-1 h1.u-title,.u-grey-40 h1.u-title,.u-grey-30 h1.u-title,.u-grey-90 h1.u-title,.u-grey-80 h1.u-title,.u-grey-75 h1.u-title,.u-black h1.u-title,.u-grey-70 h1.u-title,.u-grey-60 h1.u-title,.u-grey-50 h1.u-title,.u-grey-dark-3 h1.u-title,.u-grey-dark-2 h1.u-title,.u-grey-dark-1 h1.u-title,.u-grey h1.u-title,.u-shading h1.u-title,.u-overlap-contrast .u-header h1.u-title:not(.u-nav-link):not(.u-btn)\n    {\n        color: var(--title-alt-text-color);\n    }\n    .u-body-color h1:not(.u-title),.u-palette-1-base h1:not(.u-title),.u-palette-1-dark-3 h1:not(.u-title),.u-palette-1-dark-2 h1:not(.u-title),.u-palette-1-dark-1 h1:not(.u-title),.u-palette-1 h1:not(.u-title),.u-palette-1-light-1 h1:not(.u-title),.u-palette-2-base h1:not(.u-title),.u-palette-2-dark-3 h1:not(.u-title),.u-palette-2-dark-2 h1:not(.u-title),.u-palette-2-dark-1 h1:not(.u-title),.u-palette-2 h1:not(.u-title),.u-palette-2-light-1 h1:not(.u-title),.u-palette-3-base h1:not(.u-title),.u-palette-3-dark-3 h1:not(.u-title),.u-palette-3-dark-2 h1:not(.u-title),.u-palette-3-dark-1 h1:not(.u-title),.u-palette-3 h1:not(.u-title),.u-palette-3-light-1 h1:not(.u-title),.u-palette-4-base h1:not(.u-title),.u-palette-4-dark-3 h1:not(.u-title),.u-palette-4-dark-2 h1:not(.u-title),.u-palette-4-dark-1 h1:not(.u-title),.u-palette-4 h1:not(.u-title),.u-palette-4-light-1 h1:not(.u-title),.u-palette-5-base h1:not(.u-title),.u-palette-5-dark-3 h1:not(.u-title),.u-palette-5-dark-2 h1:not(.u-title),.u-palette-5-dark-1 h1:not(.u-title),.u-palette-5 h1:not(.u-title),.u-palette-5-light-1 h1:not(.u-title),.u-grey-40 h1:not(.u-title),.u-grey-30 h1:not(.u-title),.u-grey-90 h1:not(.u-title),.u-grey-80 h1:not(.u-title),.u-grey-75 h1:not(.u-title),.u-black h1:not(.u-title),.u-grey-70 h1:not(.u-title),.u-grey-60 h1:not(.u-title),.u-grey-50 h1:not(.u-title),.u-grey-dark-3 h1:not(.u-title),.u-grey-dark-2 h1:not(.u-title),.u-grey-dark-1 h1:not(.u-title),.u-grey h1:not(.u-title),.u-shading h1:not(.u-title),.u-overlap-contrast .u-header h1:not(.u-title):not(.u-nav-link):not(.u-btn)\n    {\n        color: var(--h1-alt-text-color);\n    }\n    .u-body-color h2:not(.u-subtitle),.u-palette-1-base h2:not(.u-subtitle),.u-palette-1-dark-3 h2:not(.u-subtitle),.u-palette-1-dark-2 h2:not(.u-subtitle),.u-palette-1-dark-1 h2:not(.u-subtitle),.u-palette-1 h2:not(.u-subtitle),.u-palette-1-light-1 h2:not(.u-subtitle),.u-palette-2-base h2:not(.u-subtitle),.u-palette-2-dark-3 h2:not(.u-subtitle),.u-palette-2-dark-2 h2:not(.u-subtitle),.u-palette-2-dark-1 h2:not(.u-subtitle),.u-palette-2 h2:not(.u-subtitle),.u-palette-2-light-1 h2:not(.u-subtitle),.u-palette-3-base h2:not(.u-subtitle),.u-palette-3-dark-3 h2:not(.u-subtitle),.u-palette-3-dark-2 h2:not(.u-subtitle),.u-palette-3-dark-1 h2:not(.u-subtitle),.u-palette-3 h2:not(.u-subtitle),.u-palette-3-light-1 h2:not(.u-subtitle),.u-palette-4-base h2:not(.u-subtitle),.u-palette-4-dark-3 h2:not(.u-subtitle),.u-palette-4-dark-2 h2:not(.u-subtitle),.u-palette-4-dark-1 h2:not(.u-subtitle),.u-palette-4 h2:not(.u-subtitle),.u-palette-4-light-1 h2:not(.u-subtitle),.u-palette-5-base h2:not(.u-subtitle),.u-palette-5-dark-3 h2:not(.u-subtitle),.u-palette-5-dark-2 h2:not(.u-subtitle),.u-palette-5-dark-1 h2:not(.u-subtitle),.u-palette-5 h2:not(.u-subtitle),.u-palette-5-light-1 h2:not(.u-subtitle),.u-grey-40 h2:not(.u-subtitle),.u-grey-30 h2:not(.u-subtitle),.u-grey-90 h2:not(.u-subtitle),.u-grey-80 h2:not(.u-subtitle),.u-grey-75 h2:not(.u-subtitle),.u-black h2:not(.u-subtitle),.u-grey-70 h2:not(.u-subtitle),.u-grey-60 h2:not(.u-subtitle),.u-grey-50 h2:not(.u-subtitle),.u-grey-dark-3 h2:not(.u-subtitle),.u-grey-dark-2 h2:not(.u-subtitle),.u-grey-dark-1 h2:not(.u-subtitle),.u-grey h2:not(.u-subtitle),.u-shading h2:not(.u-subtitle),.u-overlap-contrast .u-header h2:not(.u-subtitle):not(.u-nav-link):not(.u-btn)\n    {\n        color: var(--h2-alt-text-color);\n    }\n    .u-body-color p.u-small-text,.u-palette-1-base p.u-small-text,.u-palette-1-dark-3 p.u-small-text,.u-palette-1-dark-2 p.u-small-text,.u-palette-1-dark-1 p.u-small-text,.u-palette-1 p.u-small-text,.u-palette-1-light-1 p.u-small-text,.u-palette-2-base p.u-small-text,.u-palette-2-dark-3 p.u-small-text,.u-palette-2-dark-2 p.u-small-text,.u-palette-2-dark-1 p.u-small-text,.u-palette-2 p.u-small-text,.u-palette-2-light-1 p.u-small-text,.u-palette-3-base p.u-small-text,.u-palette-3-dark-3 p.u-small-text,.u-palette-3-dark-2 p.u-small-text,.u-palette-3-dark-1 p.u-small-text,.u-palette-3 p.u-small-text,.u-palette-3-light-1 p.u-small-text,.u-palette-4-base p.u-small-text,.u-palette-4-dark-3 p.u-small-text,.u-palette-4-dark-2 p.u-small-text,.u-palette-4-dark-1 p.u-small-text,.u-palette-4 p.u-small-text,.u-palette-4-light-1 p.u-small-text,.u-palette-5-base p.u-small-text,.u-palette-5-dark-3 p.u-small-text,.u-palette-5-dark-2 p.u-small-text,.u-palette-5-dark-1 p.u-small-text,.u-palette-5 p.u-small-text,.u-palette-5-light-1 p.u-small-text,.u-grey-40 p.u-small-text,.u-grey-30 p.u-small-text,.u-grey-90 p.u-small-text,.u-grey-80 p.u-small-text,.u-grey-75 p.u-small-text,.u-black p.u-small-text,.u-grey-70 p.u-small-text,.u-grey-60 p.u-small-text,.u-grey-50 p.u-small-text,.u-grey-dark-3 p.u-small-text,.u-grey-dark-2 p.u-small-text,.u-grey-dark-1 p.u-small-text,.u-grey p.u-small-text,.u-shading p.u-small-text,.u-overlap-contrast .u-header p.u-small-text:not(.u-nav-link):not(.u-btn)\n    {\n        color: var(--smallText-alt-text-color);\n    }\n    .u-body-color p:not(.u-text-variant),.u-palette-1-base p:not(.u-text-variant),.u-palette-1-dark-3 p:not(.u-text-variant),.u-palette-1-dark-2 p:not(.u-text-variant),.u-palette-1-dark-1 p:not(.u-text-variant),.u-palette-1 p:not(.u-text-variant),.u-palette-1-light-1 p:not(.u-text-variant),.u-palette-2-base p:not(.u-text-variant),.u-palette-2-dark-3 p:not(.u-text-variant),.u-palette-2-dark-2 p:not(.u-text-variant),.u-palette-2-dark-1 p:not(.u-text-variant),.u-palette-2 p:not(.u-text-variant),.u-palette-2-light-1 p:not(.u-text-variant),.u-palette-3-base p:not(.u-text-variant),.u-palette-3-dark-3 p:not(.u-text-variant),.u-palette-3-dark-2 p:not(.u-text-variant),.u-palette-3-dark-1 p:not(.u-text-variant),.u-palette-3 p:not(.u-text-variant),.u-palette-3-light-1 p:not(.u-text-variant),.u-palette-4-base p:not(.u-text-variant),.u-palette-4-dark-3 p:not(.u-text-variant),.u-palette-4-dark-2 p:not(.u-text-variant),.u-palette-4-dark-1 p:not(.u-text-variant),.u-palette-4 p:not(.u-text-variant),.u-palette-4-light-1 p:not(.u-text-variant),.u-palette-5-base p:not(.u-text-variant),.u-palette-5-dark-3 p:not(.u-text-variant),.u-palette-5-dark-2 p:not(.u-text-variant),.u-palette-5-dark-1 p:not(.u-text-variant),.u-palette-5 p:not(.u-text-variant),.u-palette-5-light-1 p:not(.u-text-variant),.u-grey-40 p:not(.u-text-variant),.u-grey-30 p:not(.u-text-variant),.u-grey-90 p:not(.u-text-variant),.u-grey-80 p:not(.u-text-variant),.u-grey-75 p:not(.u-text-variant),.u-black p:not(.u-text-variant),.u-grey-70 p:not(.u-text-variant),.u-grey-60 p:not(.u-text-variant),.u-grey-50 p:not(.u-text-variant),.u-grey-dark-3 p:not(.u-text-variant),.u-grey-dark-2 p:not(.u-text-variant),.u-grey-dark-1 p:not(.u-text-variant),.u-grey p:not(.u-text-variant),.u-shading p:not(.u-text-variant),.u-overlap-contrast .u-header p:not(.u-text-variant):not(.u-nav-link):not(.u-btn)\n    {\n        color: var(--text-alt-text-color);\n    }\n    .u-body-color .u-btn,.u-palette-1-base .u-btn,.u-palette-1-dark-3 .u-btn,.u-palette-1-dark-2 .u-btn,.u-palette-1-dark-1 .u-btn,.u-palette-1 .u-btn,.u-palette-1-light-1 .u-btn,.u-palette-2-base .u-btn,.u-palette-2-dark-3 .u-btn,.u-palette-2-dark-2 .u-btn,.u-palette-2-dark-1 .u-btn,.u-palette-2 .u-btn,.u-palette-2-light-1 .u-btn,.u-palette-3-base .u-btn,.u-palette-3-dark-3 .u-btn,.u-palette-3-dark-2 .u-btn,.u-palette-3-dark-1 .u-btn,.u-palette-3 .u-btn,.u-palette-3-light-1 .u-btn,.u-palette-4-base .u-btn,.u-palette-4-dark-3 .u-btn,.u-palette-4-dark-2 .u-btn,.u-palette-4-dark-1 .u-btn,.u-palette-4 .u-btn,.u-palette-4-light-1 .u-btn,.u-palette-5-base .u-btn,.u-palette-5-dark-3 .u-btn,.u-palette-5-dark-2 .u-btn,.u-palette-5-dark-1 .u-btn,.u-palette-5 .u-btn,.u-palette-5-light-1 .u-btn,.u-grey-40 .u-btn,.u-grey-30 .u-btn,.u-grey-90 .u-btn,.u-grey-80 .u-btn,.u-grey-75 .u-btn,.u-black .u-btn,.u-grey-70 .u-btn,.u-grey-60 .u-btn,.u-grey-50 .u-btn,.u-grey-dark-3 .u-btn,.u-grey-dark-2 .u-btn,.u-grey-dark-1 .u-btn,.u-grey .u-btn,.u-shading .u-btn,.u-overlap-contrast .u-header .u-btn\n    {\n        background-color: var(--button-alt-background-color);\n        color: var(--button-alt-color);\n    }\n    .u-body-color .u-btn:hover,.u-palette-1-base .u-btn:hover,.u-palette-1-dark-3 .u-btn:hover,.u-palette-1-dark-2 .u-btn:hover,.u-palette-1-dark-1 .u-btn:hover,.u-palette-1 .u-btn:hover,.u-palette-1-light-1 .u-btn:hover,.u-palette-2-base .u-btn:hover,.u-palette-2-dark-3 .u-btn:hover,.u-palette-2-dark-2 .u-btn:hover,.u-palette-2-dark-1 .u-btn:hover,.u-palette-2 .u-btn:hover,.u-palette-2-light-1 .u-btn:hover,.u-palette-3-base .u-btn:hover,.u-palette-3-dark-3 .u-btn:hover,.u-palette-3-dark-2 .u-btn:hover,.u-palette-3-dark-1 .u-btn:hover,.u-palette-3 .u-btn:hover,.u-palette-3-light-1 .u-btn:hover,.u-palette-4-base .u-btn:hover,.u-palette-4-dark-3 .u-btn:hover,.u-palette-4-dark-2 .u-btn:hover,.u-palette-4-dark-1 .u-btn:hover,.u-palette-4 .u-btn:hover,.u-palette-4-light-1 .u-btn:hover,.u-palette-5-base .u-btn:hover,.u-palette-5-dark-3 .u-btn:hover,.u-palette-5-dark-2 .u-btn:hover,.u-palette-5-dark-1 .u-btn:hover,.u-palette-5 .u-btn:hover,.u-palette-5-light-1 .u-btn:hover,.u-grey-40 .u-btn:hover,.u-grey-30 .u-btn:hover,.u-grey-90 .u-btn:hover,.u-grey-80 .u-btn:hover,.u-grey-75 .u-btn:hover,.u-black .u-btn:hover,.u-grey-70 .u-btn:hover,.u-grey-60 .u-btn:hover,.u-grey-50 .u-btn:hover,.u-grey-dark-3 .u-btn:hover,.u-grey-dark-2 .u-btn:hover,.u-grey-dark-1 .u-btn:hover,.u-grey .u-btn:hover,.u-shading .u-btn:hover,.u-overlap-contrast .u-header .u-btn:hover\n    {\n        background-color: var(--button-hover-alt-background-color);\n        color: var(--button-hover-alt-color);\n    }\n    .u-body-color .u-btn:active,.u-palette-1-base .u-btn:active,.u-palette-1-dark-3 .u-btn:active,.u-palette-1-dark-2 .u-btn:active,.u-palette-1-dark-1 .u-btn:active,.u-palette-1 .u-btn:active,.u-palette-1-light-1 .u-btn:active,.u-palette-2-base .u-btn:active,.u-palette-2-dark-3 .u-btn:active,.u-palette-2-dark-2 .u-btn:active,.u-palette-2-dark-1 .u-btn:active,.u-palette-2 .u-btn:active,.u-palette-2-light-1 .u-btn:active,.u-palette-3-base .u-btn:active,.u-palette-3-dark-3 .u-btn:active,.u-palette-3-dark-2 .u-btn:active,.u-palette-3-dark-1 .u-btn:active,.u-palette-3 .u-btn:active,.u-palette-3-light-1 .u-btn:active,.u-palette-4-base .u-btn:active,.u-palette-4-dark-3 .u-btn:active,.u-palette-4-dark-2 .u-btn:active,.u-palette-4-dark-1 .u-btn:active,.u-palette-4 .u-btn:active,.u-palette-4-light-1 .u-btn:active,.u-palette-5-base .u-btn:active,.u-palette-5-dark-3 .u-btn:active,.u-palette-5-dark-2 .u-btn:active,.u-palette-5-dark-1 .u-btn:active,.u-palette-5 .u-btn:active,.u-palette-5-light-1 .u-btn:active,.u-grey-40 .u-btn:active,.u-grey-30 .u-btn:active,.u-grey-90 .u-btn:active,.u-grey-80 .u-btn:active,.u-grey-75 .u-btn:active,.u-black .u-btn:active,.u-grey-70 .u-btn:active,.u-grey-60 .u-btn:active,.u-grey-50 .u-btn:active,.u-grey-dark-3 .u-btn:active,.u-grey-dark-2 .u-btn:active,.u-grey-dark-1 .u-btn:active,.u-grey .u-btn:active,.u-shading .u-btn:active,.u-overlap-contrast .u-header .u-btn:active\n    {\n        background-color: var(--button-active-alt-background-color);\n        color: var(--button-active-alt-color);\n    }\n    .u-body-color blockquote,.u-palette-1-base blockquote,.u-palette-1-dark-3 blockquote,.u-palette-1-dark-2 blockquote,.u-palette-1-dark-1 blockquote,.u-palette-1 blockquote,.u-palette-1-light-1 blockquote,.u-palette-2-base blockquote,.u-palette-2-dark-3 blockquote,.u-palette-2-dark-2 blockquote,.u-palette-2-dark-1 blockquote,.u-palette-2 blockquote,.u-palette-2-light-1 blockquote,.u-palette-3-base blockquote,.u-palette-3-dark-3 blockquote,.u-palette-3-dark-2 blockquote,.u-palette-3-dark-1 blockquote,.u-palette-3 blockquote,.u-palette-3-light-1 blockquote,.u-palette-4-base blockquote,.u-palette-4-dark-3 blockquote,.u-palette-4-dark-2 blockquote,.u-palette-4-dark-1 blockquote,.u-palette-4 blockquote,.u-palette-4-light-1 blockquote,.u-palette-5-base blockquote,.u-palette-5-dark-3 blockquote,.u-palette-5-dark-2 blockquote,.u-palette-5-dark-1 blockquote,.u-palette-5 blockquote,.u-palette-5-light-1 blockquote,.u-grey-40 blockquote,.u-grey-30 blockquote,.u-grey-90 blockquote,.u-grey-80 blockquote,.u-grey-75 blockquote,.u-black blockquote,.u-grey-70 blockquote,.u-grey-60 blockquote,.u-grey-50 blockquote,.u-grey-dark-3 blockquote,.u-grey-dark-2 blockquote,.u-grey-dark-1 blockquote,.u-grey blockquote,.u-shading blockquote,.u-overlap-contrast .u-header blockquote:not(.u-nav-link):not(.u-btn)\n    {\n        color: var(--blockquote-alt-text-color);\n    }\n    .u-body-color a,.u-palette-1-base a,.u-palette-1-dark-3 a,.u-palette-1-dark-2 a,.u-palette-1-dark-1 a,.u-palette-1 a,.u-palette-1-light-1 a,.u-palette-2-base a,.u-palette-2-dark-3 a,.u-palette-2-dark-2 a,.u-palette-2-dark-1 a,.u-palette-2 a,.u-palette-2-light-1 a,.u-palette-3-base a,.u-palette-3-dark-3 a,.u-palette-3-dark-2 a,.u-palette-3-dark-1 a,.u-palette-3 a,.u-palette-3-light-1 a,.u-palette-4-base a,.u-palette-4-dark-3 a,.u-palette-4-dark-2 a,.u-palette-4-dark-1 a,.u-palette-4 a,.u-palette-4-light-1 a,.u-palette-5-base a,.u-palette-5-dark-3 a,.u-palette-5-dark-2 a,.u-palette-5-dark-1 a,.u-palette-5 a,.u-palette-5-light-1 a,.u-grey-40 a,.u-grey-30 a,.u-grey-90 a,.u-grey-80 a,.u-grey-75 a,.u-black a,.u-grey-70 a,.u-grey-60 a,.u-grey-50 a,.u-grey-dark-3 a,.u-grey-dark-2 a,.u-grey-dark-1 a,.u-grey a,.u-shading a,.u-overlap-contrast .u-header a:not(.u-nav-link):not(.u-btn)\n    {\n        color: var(--hyperlink-alt-text-color);\n    }\n    .u-body-color a:hover,.u-palette-1-base a:hover,.u-palette-1-dark-3 a:hover,.u-palette-1-dark-2 a:hover,.u-palette-1-dark-1 a:hover,.u-palette-1 a:hover,.u-palette-1-light-1 a:hover,.u-palette-2-base a:hover,.u-palette-2-dark-3 a:hover,.u-palette-2-dark-2 a:hover,.u-palette-2-dark-1 a:hover,.u-palette-2 a:hover,.u-palette-2-light-1 a:hover,.u-palette-3-base a:hover,.u-palette-3-dark-3 a:hover,.u-palette-3-dark-2 a:hover,.u-palette-3-dark-1 a:hover,.u-palette-3 a:hover,.u-palette-3-light-1 a:hover,.u-palette-4-base a:hover,.u-palette-4-dark-3 a:hover,.u-palette-4-dark-2 a:hover,.u-palette-4-dark-1 a:hover,.u-palette-4 a:hover,.u-palette-4-light-1 a:hover,.u-palette-5-base a:hover,.u-palette-5-dark-3 a:hover,.u-palette-5-dark-2 a:hover,.u-palette-5-dark-1 a:hover,.u-palette-5 a:hover,.u-palette-5-light-1 a:hover,.u-grey-40 a:hover,.u-grey-30 a:hover,.u-grey-90 a:hover,.u-grey-80 a:hover,.u-grey-75 a:hover,.u-black a:hover,.u-grey-70 a:hover,.u-grey-60 a:hover,.u-grey-50 a:hover,.u-grey-dark-3 a:hover,.u-grey-dark-2 a:hover,.u-grey-dark-1 a:hover,.u-grey a:hover\n    {\n        color: var(--hyperlink-hover-alt-text-color);\n    }\n    /** alt-color-rules **/\n</style><style id=\"font-scheme\" font-scheme=\"Oswald-OpenSans\" heading-font=\"Oswald,sans-serif\" text-font=\"'Open Sans',sans-serif\">.u-body {\n   --text-font: 'Open Sans',sans-serif;\n   --heading-font: Oswald,sans-serif;\n}</style>","appVersion":"2.23.0","isTrial":true}
